{
  "n_total": 1000,
  "n_token_misaligned": 8,
  "token_misaligned_indices": [
    107,
    159,
    403,
    533,
    577,
    655,
    691,
    887
  ],
  "n_after_alignment_filter": 992,
  "clean_accuracy": 0.7288306451612904,
  "corrupted_accuracy": 0.7661290322580645,
  "both_correct_accuracy": 0.5110887096774194,
  "n_both_correct": 507,
  "both_correct_indices": [
    2,
    4,
    5,
    9,
    11,
    16,
    18,
    21,
    22,
    23,
    26,
    27,
    28,
    29,
    31,
    32,
    34,
    35,
    38,
    39,
    42,
    44,
    46,
    50,
    51,
    53,
    54,
    56,
    58,
    60,
    62,
    64,
    66,
    67,
    68,
    70,
    75,
    78,
    79,
    80,
    82,
    84,
    86,
    90,
    91,
    92,
    94,
    95,
    96,
    98,
    100,
    102,
    103,
    104,
    106,
    108,
    110,
    111,
    113,
    114,
    115,
    120,
    122,
    123,
    124,
    126,
    127,
    128,
    130,
    131,
    134,
    135,
    138,
    139,
    142,
    144,
    147,
    148,
    150,
    154,
    156,
    157,
    160,
    162,
    163,
    166,
    168,
    170,
    171,
    174,
    175,
    178,
    179,
    180,
    182,
    184,
    186,
    187,
    188,
    190,
    194,
    196,
    199,
    200,
    202,
    210,
    211,
    212,
    214,
    215,
    217,
    218,
    219,
    220,
    222,
    226,
    227,
    229,
    230,
    231,
    232,
    234,
    235,
    236,
    238,
    240,
    242,
    243,
    246,
    247,
    250,
    252,
    254,
    256,
    258,
    261,
    262,
    263,
    264,
    266,
    268,
    269,
    270,
    271,
    272,
    274,
    276,
    277,
    278,
    279,
    280,
    282,
    283,
    284,
    286,
    287,
    288,
    290,
    294,
    295,
    297,
    298,
    299,
    309,
    310,
    311,
    312,
    314,
    318,
    319,
    320,
    323,
    324,
    326,
    327,
    330,
    332,
    334,
    336,
    338,
    340,
    341,
    342,
    346,
    347,
    350,
    351,
    355,
    356,
    358,
    359,
    361,
    362,
    363,
    364,
    366,
    367,
    370,
    374,
    376,
    378,
    379,
    380,
    381,
    382,
    385,
    386,
    387,
    388,
    390,
    392,
    393,
    394,
    396,
    402,
    404,
    406,
    409,
    410,
    411,
    412,
    422,
    423,
    427,
    428,
    430,
    438,
    440,
    442,
    444,
    446,
    447,
    450,
    451,
    454,
    455,
    458,
    459,
    461,
    463,
    464,
    466,
    467,
    470,
    471,
    474,
    476,
    478,
    480,
    483,
    486,
    488,
    492,
    498,
    499,
    500,
    501,
    502,
    504,
    506,
    507,
    510,
    512,
    513,
    514,
    515,
    522,
    523,
    524,
    526,
    527,
    530,
    532,
    534,
    535,
    536,
    538,
    541,
    544,
    545,
    546,
    547,
    548,
    549,
    551,
    554,
    556,
    558,
    560,
    562,
    566,
    568,
    570,
    571,
    574,
    575,
    578,
    579,
    582,
    583,
    586,
    587,
    588,
    590,
    594,
    595,
    596,
    598,
    602,
    606,
    609,
    611,
    614,
    616,
    620,
    622,
    623,
    624,
    626,
    627,
    629,
    630,
    631,
    632,
    638,
    639,
    640,
    642,
    643,
    646,
    647,
    648,
    649,
    650,
    651,
    652,
    653,
    654,
    656,
    658,
    662,
    664,
    666,
    667,
    670,
    671,
    672,
    677,
    678,
    680,
    682,
    683,
    684,
    685,
    686,
    688,
    690,
    692,
    694,
    700,
    702,
    703,
    706,
    709,
    710,
    711,
    712,
    714,
    715,
    716,
    718,
    722,
    728,
    730,
    732,
    733,
    734,
    735,
    736,
    738,
    742,
    743,
    744,
    746,
    752,
    754,
    755,
    762,
    763,
    764,
    766,
    767,
    768,
    770,
    774,
    775,
    776,
    778,
    780,
    782,
    783,
    786,
    788,
    790,
    792,
    794,
    795,
    797,
    803,
    804,
    806,
    807,
    810,
    811,
    814,
    816,
    817,
    818,
    819,
    820,
    822,
    823,
    824,
    826,
    829,
    830,
    833,
    834,
    835,
    838,
    840,
    844,
    846,
    848,
    850,
    851,
    852,
    853,
    858,
    859,
    860,
    862,
    866,
    867,
    869,
    870,
    875,
    878,
    880,
    881,
    882,
    884,
    886,
    890,
    894,
    896,
    898,
    899,
    902,
    904,
    906,
    910,
    911,
    912,
    914,
    915,
    916,
    918,
    920,
    922,
    927,
    931,
    933,
    934,
    936,
    938,
    939,
    941,
    943,
    944,
    946,
    947,
    948,
    950,
    952,
    954,
    955,
    958,
    960,
    961,
    963,
    965,
    966,
    967,
    968,
    972,
    974,
    975,
    978,
    979,
    980,
    982,
    986,
    992,
    995,
    996,
    998
  ],