{
  "n_total": 1000,
  "n_token_misaligned": 23,
  "token_misaligned_indices": [
    32,
    58,
    97,
    183,
    188,
    197,
    309,
    449,
    500,
    539,
    577,
    641,
    647,
    709,
    754,
    764,
    792,
    802,
    829,
    915,
    929,
    938,
    959
  ],
  "n_after_alignment_filter": 977,
  "clean_accuracy": 0.872057318321392,
  "corrupted_accuracy": 0.8853633572159673,
  "both_correct_accuracy": 0.7635619242579325,
  "n_both_correct": 746,
  "both_correct_indices": [
    0,
    1,
    2,
    3,
    4,
    5,
    7,
    8,
    9,
    11,
    12,
    13,
    14,
    15,
    17,
    18,
    19,
    21,
    22,
    23,
    24,
    25,
    26,
    29,
    30,
    31,
    33,
    34,
    35,
    36,
    37,
    38,
    39,
    41,
    42,
    43,
    45,
    46,
    48,
    50,
    52,
    53,
    56,
    59,
    60,
    61,
    62,
    63,
    64,
    65,
    66,
    67,
    69,
    70,
    71,
    72,
    73,
    74,
    75,
    76,
    78,
    79,
    80,
    82,
    85,
    87,
    88,
    89,
    90,
    91,
    93,
    94,
    95,
    96,
    98,
    100,
    101,
    102,
    103,
    104,
    105,
    106,
    107,
    108,
    109,
    112,
    114,
    115,
    116,
    117,
    118,
    120,
    121,
    122,
    124,
    125,
    126,
    129,
    130,
    131,
    133,
    134,
    135,
    136,
    137,
    138,
    139,
    142,
    143,
    144,
    145,
    146,
    149,
    150,
    151,
    152,
    153,
    155,
    156,
    158,
    159,
    163,
    164,
    165,
    166,
    167,
    168,
    169,
    171,
    173,
    174,
    175,
    176,
    178,
    179,
    181,
    184,
    185,
    191,
    192,
    193,
    194,
    195,
    199,
    201,
    202,
    203,
    204,
    205,
    206,
    207,
    209,
    210,
    211,
    212,
    213,
    214,
    215,
    217,
    218,
    219,
    221,
    222,
    223,
    224,
    225,
    226,
    227,
    228,
    229,
    230,
    231,
    232,
    233,
    234,
    236,
    237,
    238,
    239,
    240,
    241,
    242,
    244,
    248,
    249,
    250,
    251,
    254,
    255,
    256,
    258,
    261,
    262,
    263,
    264,
    265,
    266,
    268,
    269,
    270,
    271,
    272,
    274,
    275,
    276,
    278,
    279,
    280,
    281,
    282,
    286,
    287,
    288,
    289,
    290,
    291,
    292,
    293,
    294,
    295,
    296,
    297,
    298,
    301,
    302,
    305,
    306,
    307,
    308,
    310,
    312,
    313,
    314,
    316,
    317,
    318,
    319,
    320,
    321,
    322,
    323,
    324,
    326,
    328,
    330,
    331,
    334,
    335,
    336,
    338,
    340,
    341,
    342,
    343,
    344,
    347,
    348,
    350,
    353,
    354,
    355,
    356,
    357,
    358,
    359,
    361,
    362,
    363,
    366,
    367,
    368,
    369,
    372,
    373,
    375,
    377,
    379,
    380,
    381,
    383,
    384,
    386,
    387,
    388,
    389,
    392,
    393,
    394,
    395,
    396,
    397,
    398,
    399,
    400,
    401,
    403,
    404,
    405,
    406,
    408,
    410,
    411,
    412,
    413,
    414,
    415,
    416,
    417,
    418,
    419,
    420,
    421,
    422,
    423,
    424,
    425,
    427,
    428,
    429,
    430,
    431,
    432,
    433,
    434,
    435,
    436,
    437,
    438,
    439,
    440,
    441,
    442,
    444,
    445,
    447,
    448,
    451,
    454,
    455,
    456,
    457,
    458,
    459,
    460,
    461,
    462,
    463,
    464,
    465,
    466,
    467,
    469,
    470,
    473,
    474,
    476,
    477,
    478,
    479,
    480,
    482,
    483,
    484,
    487,
    488,
    489,
    490,
    491,
    492,
    493,
    494,
    496,
    497,
    499,
    501,
    502,
    504,
    506,
    507,
    508,
    510,
    511,
    513,
    514,
    515,
    517,
    518,
    520,
    521,
    522,
    523,
    524,
    525,
    526,
    529,
    530,
    531,
    532,
    534,
    535,
    537,
    540,
    542,
    543,
    544,
    545,
    546,
    548,
    549,
    550,
    552,
    554,
    555,
    558,
    559,
    560,
    561,
    562,
    563,
    565,
    566,
    568,
    569,
    570,
    571,
    572,
    573,
    575,
    578,
    580,
    581,
    582,
    583,
    584,
    585,
    586,
    588,
    590,
    591,
    592,
    593,
    594,
    595,
    596,
    597,
    598,
    599,
    600,
    601,
    602,
    603,
    604,
    605,
    606,
    607,
    608,
    609,
    610,
    611,
    612,
    615,
    617,
    619,
    620,
    623,
    624,
    627,
    628,
    630,
    631,
    633,
    634,
    638,
    639,
    640,
    642,
    643,
    645,
    646,
    648,
    649,
    650,
    651,
    652,
    653,
    654,
    655,
    657,
    658,
    659,
    660,
    661,
    662,
    663,
    664,
    665,
    666,
    667,
    668,
    669,
    670,
    671,
    672,
    673,
    674,
    675,
    676,
    678,
    679,
    680,
    681,
    682,
    683,
    684,
    685,
    687,
    688,
    689,
    690,
    691,
    692,
    693,
    694,
    698,
    701,
    702,
    707,
    710,
    711,
    712,
    713,
    714,
    715,
    717,
    718,
    719,
    720,
    721,
    722,
    723,
    724,
    725,
    726,
    727,
    728,
    729,
    730,
    732,
    733,
    735,
    736,
    739,
    740,
    742,
    743,
    744,
    745,
    746,
    747,
    749,
    750,
    751,
    752,
    753,
    755,
    756,
    757,
    758,
    759,
    761,
    762,
    765,
    771,
    772,
    774,
    775,
    776,
    777,
    778,
    779,
    780,
    781,
    782,
    784,
    785,
    787,
    788,
    789,
    790,
    791,
    793,
    795,
    796,
    799,
    800,
    801,
    804,
    805,
    806,
    807,
    808,
    809,
    810,
    811,
    813,
    814,
    815,
    816,
    817,
    818,
    819,
    820,
    821,
    822,
    823,
    824,
    827,
    828,
    830,
    831,
    832,
    833,
    834,
    836,
    837,
    838,
    839,
    840,
    842,
    844,
    846,
    847,
    848,
    849,
    851,
    852,
    853,
    854,
    855,
    856,
    857,
    858,
    859,
    860,
    862,
    864,
    865,
    866,
    867,
    868,
    869,
    871,
    872,
    873,
    874,
    875,
    876,
    877,
    878,
    879,
    880,
    882,
    883,
    884,
    886,
    887,
    888,
    889,
    891,
    892,
    893,
    894,
    896,
    897,
    899,
    900,
    901,
    904,
    906,
    907,
    909,
    910,
    912,
    913,
    914,
    918,
    919,
    922,
    924,
    925,
    926,
    928,
    930,
    931,
    932,
    933,
    937,
    939,
    940,
    941,
    942,
    943,
    945,
    946,
    947,
    948,
    950,
    951,
    952,
    954,
    955,
    957,
    958,
    960,
    961,
    962,
    963,
    964,
    965,
    967,
    969,
    970,
    971,
    972,
    973,
    974,
    975,
    977,
    978,
    979,
    980,
    981,
    982,
    983,
    984,
    985,
    987,
    988,
    989,
    991,
    992,
    993,
    994,
    995,
    996,
    998
  ],