{
  "n_total": 1000,
  "n_token_misaligned": 184,
  "token_misaligned_indices": [
    3,
    6,
    11,
    28,
    30,
    42,
    43,
    47,
    50,
    51,
    56,
    58,
    73,
    74,
    83,
    90,
    95,
    98,
    99,
    100,
    107,
    124,
    145,
    147,
    149,
    150,
    159,
    166,
    171,
    173,
    174,
    177,
    184,
    202,
    205,
    209,
    223,
    235,
    247,
    248,
    259,
    264,
    267,
    279,
    290,
    300,
    302,
    303,
    309,
    313,
    314,
    315,
    323,
    332,
    344,
    352,
    354,
    366,
    368,
    375,
    383,
    392,
    398,
    399,
    403,
    408,
    410,
    412,
    414,
    417,
    418,
    419,
    420,
    428,
    432,
    449,
    454,
    455,
    462,
    464,
    465,
    467,
    470,
    472,
    483,
    485,
    489,
    492,
    494,
    508,
    511,
    518,
    520,
    527,
    531,
    532,
    533,
    534,
    543,
    550,
    553,
    554,
    556,
    560,
    562,
    563,
    572,
    574,
    577,
    587,
    588,
    591,
    592,
    597,
    598,
    602,
    618,
    620,
    624,
    626,
    631,
    632,
    636,
    645,
    651,
    655,
    662,
    664,
    669,
    675,
    688,
    691,
    697,
    716,
    730,
    732,
    733,
    735,
    736,
    741,
    744,
    746,
    747,
    767,
    774,
    778,
    779,
    788,
    791,
    798,
    800,
    802,
    804,
    807,
    815,
    824,
    825,
    829,
    830,
    839,
    842,
    856,
    861,
    864,
    871,
    880,
    884,
    887,
    892,
    895,
    902,
    903,
    909,
    911,
    915,
    919,
    928,
    930,
    939,
    943,
    955,
    976,
    980,
    991
  ],
  "n_after_alignment_filter": 816,
  "clean_accuracy": 0.7487745098039216,
  "corrupted_accuracy": 0.7267156862745098,
  "both_correct_accuracy": 0.48284313725490197,
  "n_both_correct": 394,
  "both_correct_indices": [
    1,
    2,
    4,
    8,
    9,
    12,
    16,
    20,
    22,
    24,
    26,
    35,
    38,
    39,
    40,
    41,
    44,
    46,
    49,
    52,
    54,
    60,
    62,
    79,
    80,
    81,
    82,
    84,
    87,
    88,
    91,
    92,
    94,
    96,
    102,
    103,
    104,
    105,
    106,
    111,
    113,
    114,
    115,
    117,
    122,
    127,
    128,
    130,
    132,
    133,
    135,
    138,
    139,
    142,
    144,
    146,
    148,
    152,
    154,
    155,
    156,
    157,
    160,
    162,
    167,
    168,
    170,
    175,
    176,
    179,
    180,
    182,
    186,
    188,
    190,
    192,
    194,
    195,
    196,
    197,
    198,
    207,
    210,
    211,
    214,
    215,
    218,
    219,
    220,
    224,
    226,
    227,
    228,
    232,
    234,
    237,
    238,
    240,
    242,
    243,
    246,
    250,
    254,
    255,
    256,
    258,
    262,
    263,
    265,
    266,
    269,
    270,
    272,
    274,
    276,
    277,
    278,
    281,
    282,
    286,
    287,
    288,
    292,
    295,
    296,
    298,
    306,
    308,
    310,
    312,
    320,
    324,
    325,
    326,
    327,
    331,
    334,
    339,
    340,
    342,
    346,
    347,
    350,
    351,
    355,
    356,
    359,
    360,
    362,
    364,
    367,
    370,
    371,
    372,
    374,
    376,
    377,
    378,
    381,
    382,
    384,
    385,
    386,
    388,
    390,
    393,
    394,
    396,
    400,
    404,
    406,
    409,
    411,
    413,
    416,
    422,
    424,
    426,
    427,
    429,
    433,
    434,
    436,
    440,
    442,
    447,
    450,
    451,
    452,
    456,
    458,
    459,
    466,
    468,
    469,
    474,
    476,
    477,
    478,
    479,
    480,
    482,
    496,
    498,
    499,
    503,
    510,
    512,
    516,
    519,
    522,
    523,
    536,
    537,
    538,
    541,
    544,
    546,
    551,
    558,
    566,
    568,
    569,
    570,
    575,
    578,
    579,
    584,
    585,
    586,
    590,
    594,
    596,
    600,
    605,
    607,
    609,
    611,
    612,
    616,
    622,
    623,
    627,
    629,
    630,
    633,
    642,
    643,
    644,
    646,
    652,
    654,
    656,
    658,
    659,
    663,
    671,
    672,
    678,
    680,
    682,
    683,
    684,
    686,
    687,
    704,
    706,
    709,
    710,
    711,
    712,
    715,
    719,
    720,
    722,
    724,
    727,
    734,
    737,
    738,
    740,
    742,
    748,
    751,
    752,
    753,
    754,
    758,
    759,
    763,
    764,
    766,
    770,
    772,
    775,
    776,
    780,
    783,
    784,
    786,
    790,
    792,
    794,
    797,
    803,
    805,
    806,
    808,
    810,
    811,
    818,
    819,
    822,
    823,
    827,
    833,
    834,
    838,
    846,
    848,
    850,
    852,
    857,
    858,
    860,
    866,
    867,
    874,
    877,
    879,
    881,
    882,
    885,
    886,
    889,
    890,
    891,
    893,
    894,
    896,
    898,
    899,
    900,
    904,
    905,
    907,
    910,
    914,
    916,
    920,
    922,
    923,
    924,
    926,
    927,
    931,
    932,
    934,
    936,
    937,
    938,
    940,
    944,
    946,
    947,
    948,
    950,
    952,
    954,
    957,
    958,
    960,
    962,
    965,
    966,
    968,
    970,
    971,
    972,
    974,
    975,
    978,
    979,
    982,
    983,
    986,
    987,
    988,
    992,
    993,
    995,
    996,
    998,
    999
  ],