{
  "n_total": 577,
  "n_token_misaligned": 186,
  "token_misaligned_indices": [
    1,
    2,
    4,
    6,
    10,
    23,
    24,
    30,
    32,
    34,
    36,
    39,
    41,
    45,
    47,
    56,
    57,
    59,
    62,
    74,
    76,
    78,
    79,
    80,
    82,
    89,
    92,
    93,
    98,
    100,
    103,
    105,
    106,
    108,
    111,
    113,
    114,
    117,
    124,
    128,
    129,
    132,
    133,
    134,
    145,
    146,
    153,
    154,
    155,
    156,
    158,
    166,
    169,
    170,
    171,
    176,
    179,
    180,
    183,
    184,
    190,
    197,
    201,
    211,
    212,
    219,
    221,
    223,
    224,
    225,
    226,
    231,
    232,
    234,
    239,
    240,
    246,
    247,
    249,
    254,
    255,
    256,
    262,
    263,
    265,
    266,
    267,
    271,
    273,
    276,
    280,
    285,
    295,
    296,
    298,
    300,
    303,
    305,
    309,
    310,
    312,
    314,
    315,
    322,
    326,
    327,
    329,
    333,
    336,
    347,
    348,
    350,
    352,
    356,
    362,
    363,
    366,
    374,
    376,
    386,
    393,
    396,
    398,
    402,
    406,
    413,
    416,
    419,
    426,
    428,
    429,
    430,
    432,
    434,
    436,
    437,
    440,
    441,
    443,
    444,
    450,
    451,
    452,
    453,
    454,
    456,
    458,
    461,
    464,
    465,
    467,
    468,
    470,
    471,
    472,
    475,
    477,
    479,
    482,
    483,
    485,
    488,
    492,
    493,
    494,
    499,
    500,
    504,
    509,
    510,
    511,
    512,
    518,
    525,
    526,
    533,
    535,
    536,
    538,
    539,
    542,
    544,
    546,
    550,
    559,
    576
  ],
  "n_after_alignment_filter": 391,
  "clean_accuracy": 0.9718670076726342,
  "corrupted_accuracy": 0.9565217391304348,
  "both_correct_accuracy": 0.928388746803069,
  "n_both_correct": 363,
  "both_correct_indices": [
    0,
    3,
    5,
    7,
    8,
    9,
    11,
    12,
    13,
    14,
    15,
    16,
    17,
    18,
    20,
    21,
    22,
    25,
    26,
    27,
    28,
    29,
    31,
    33,
    35,
    37,
    38,
    40,
    42,
    43,
    44,
    46,
    49,
    50,
    52,
    53,
    54,
    55,
    58,
    60,
    61,
    63,
    64,
    66,
    67,
    68,
    69,
    70,
    71,
    72,
    73,
    75,
    77,
    81,
    83,
    85,
    86,
    87,
    88,
    90,
    91,
    94,
    95,
    96,
    97,
    99,
    101,
    102,
    104,
    107,
    109,
    110,
    115,
    116,
    118,
    119,
    120,
    121,
    122,
    123,
    125,
    126,
    127,
    130,
    131,
    135,
    136,
    137,
    138,
    139,
    141,
    142,
    143,
    144,
    147,
    148,
    149,
    150,
    151,
    152,
    157,
    159,
    160,
    161,
    162,
    163,
    164,
    165,
    167,
    168,
    172,
    173,
    174,
    175,
    178,
    181,
    182,
    185,
    186,
    187,
    188,
    189,
    191,
    193,
    194,
    198,
    199,
    200,
    202,
    203,
    204,
    206,
    207,
    209,
    210,
    213,
    214,
    216,
    217,
    218,
    220,
    222,
    227,
    228,
    229,
    230,
    235,
    236,
    237,
    238,
    241,
    242,
    243,
    244,
    245,
    248,
    252,
    253,
    257,
    259,
    260,
    261,
    264,
    268,
    269,
    270,
    272,
    274,
    275,
    277,
    278,
    279,
    281,
    282,
    283,
    284,
    286,
    287,
    288,
    290,
    291,
    292,
    293,
    294,
    297,
    299,
    301,
    302,
    304,
    306,
    307,
    308,
    311,
    313,
    316,
    317,
    318,
    319,
    320,
    321,
    323,
    324,
    325,
    328,
    330,
    331,
    334,
    335,
    337,
    338,
    340,
    341,
    342,
    343,
    344,
    345,
    346,
    349,
    351,
    353,
    354,
    357,
    358,
    359,
    360,
    361,
    364,
    365,
    368,
    369,
    370,
    371,
    372,
    373,
    375,
    377,
    378,
    379,
    380,
    381,
    382,
    384,
    385,
    387,
    388,
    389,
    390,
    392,
    394,
    395,
    397,
    399,
    400,
    401,
    403,
    404,
    407,
    408,
    409,
    410,
    411,
    412,
    414,
    415,
    417,
    418,
    420,
    421,
    422,
    423,
    424,
    425,
    427,
    431,
    433,
    435,
    438,
    439,
    442,
    445,
    446,
    447,
    448,
    449,
    455,
    457,
    459,
    460,
    462,
    463,
    466,
    469,
    473,
    474,
    476,
    478,
    480,
    481,
    484,
    486,
    487,
    489,
    490,
    491,
    495,
    496,
    497,
    498,
    501,
    502,
    503,
    505,
    506,
    507,
    508,
    513,
    514,
    515,
    516,
    519,
    520,
    521,
    522,
    523,
    524,
    527,
    528,
    529,
    530,
    531,
    534,
    537,
    540,
    541,
    543,
    545,
    547,
    548,
    549,
    551,
    552,
    553,
    554,
    555,
    556,
    557,
    558,
    560,
    561,
    562,
    563,
    564,
    565,
    566,
    567,
    568,
    569,
    570,
    571,
    572,
    573,
    574,
    575
  ],
  "not_both_correct_indices": [
    19,
    48,
    51,
    65,
    84,
    112,
    140,
    177,
    192,
    195,
    196,
    205,
    208,
    215,
    233,
    250,
    251,
    258,
    289,
    332,
    339,
    355,
    367,
    383,
    391,
    405,
    517,
    532
  ],
  "clean_baseline": 6.90625,
  "corrupted_baseline": -6.8984375
}