{
  "n_total": 1000,
  "n_token_misaligned": 160,
  "token_misaligned_indices": [
    12,
    15,
    21,
    23,
    26,
    28,
    37,
    45,
    51,
    53,
    70,
    79,
    88,
    95,
    100,
    118,
    126,
    128,
    131,
    132,
    140,
    146,
    151,
    152,
    153,
    158,
    164,
    167,
    170,
    174,
    176,
    180,
    181,
    202,
    203,
    209,
    215,
    216,
    224,
    225,
    228,
    231,
    234,
    243,
    263,
    276,
    283,
    306,
    309,
    329,
    331,
    333,
    340,
    347,
    356,
    357,
    358,
    359,
    360,
    366,
    370,
    388,
    397,
    403,
    407,
    417,
    421,
    422,
    429,
    437,
    440,
    441,
    444,
    450,
    456,
    471,
    475,
    478,
    492,
    507,
    513,
    515,
    523,
    528,
    540,
    544,
    551,
    560,
    566,
    589,
    591,
    593,
    604,
    606,
    609,
    610,
    617,
    619,
    620,
    623,
    630,
    635,
    640,
    641,
    661,
    662,
    665,
    675,
    683,
    684,
    700,
    710,
    715,
    730,
    732,
    735,
    744,
    751,
    754,
    784,
    785,
    800,
    802,
    820,
    823,
    826,
    840,
    848,
    851,
    853,
    855,
    861,
    866,
    868,
    869,
    873,
    882,
    885,
    890,
    891,
    893,
    897,
    898,
    912,
    914,
    920,
    921,
    926,
    928,
    937,
    944,
    945,
    966,
    972,
    975,
    988,
    992,
    993,
    995,
    998
  ],
  "n_after_alignment_filter": 840,
  "clean_accuracy": 0.8166666666666667,
  "corrupted_accuracy": 0.8214285714285714,
  "both_correct_accuracy": 0.6511904761904762,
  "n_both_correct": 547,
  "both_correct_indices": [
    0,
    1,
    2,
    4,
    5,
    6,
    7,
    8,
    11,
    14,
    17,
    20,
    22,
    24,
    25,
    30,
    32,
    33,
    35,
    40,
    41,
    42,
    44,
    46,
    49,
    50,
    54,
    56,
    57,
    58,
    60,
    63,
    64,
    66,
    67,
    68,
    69,
    73,
    74,
    76,
    81,
    82,
    83,
    84,
    85,
    86,
    91,
    92,
    93,
    94,
    96,
    97,
    101,
    103,
    105,
    106,
    107,
    111,
    112,
    113,
    114,
    115,
    117,
    119,
    120,
    121,
    122,
    124,
    125,
    129,
    130,
    134,
    135,
    137,
    138,
    144,
    145,
    147,
    150,
    155,
    156,
    157,
    159,
    161,
    162,
    163,
    166,
    168,
    169,
    171,
    172,
    173,
    177,
    178,
    179,
    182,
    184,
    186,
    188,
    190,
    191,
    192,
    193,
    196,
    197,
    201,
    205,
    206,
    207,
    208,
    211,
    213,
    220,
    221,
    222,
    223,
    226,
    230,
    232,
    237,
    238,
    239,
    242,
    244,
    245,
    247,
    249,
    250,
    254,
    258,
    259,
    260,
    261,
    262,
    266,
    269,
    270,
    274,
    275,
    277,
    278,
    279,
    280,
    282,
    285,
    286,
    288,
    289,
    290,
    291,
    294,
    295,
    296,
    297,
    299,
    300,
    301,
    302,
    304,
    305,
    307,
    308,
    311,
    312,
    313,
    318,
    319,
    320,
    322,
    323,
    324,
    326,
    327,
    330,
    332,
    334,
    335,
    336,
    337,
    341,
    342,
    344,
    345,
    348,
    349,
    350,
    351,
    353,
    354,
    355,
    361,
    362,
    363,
    364,
    365,
    368,
    369,
    372,
    373,
    375,
    377,
    378,
    379,
    382,
    384,
    385,
    386,
    387,
    389,
    390,
    391,
    393,
    394,
    395,
    396,
    398,
    399,
    400,
    401,
    404,
    405,
    406,
    408,
    411,
    413,
    415,
    416,
    418,
    419,
    420,
    424,
    431,
    432,
    439,
    442,
    446,
    447,
    451,
    452,
    457,
    458,
    460,
    461,
    462,
    463,
    465,
    466,
    467,
    468,
    469,
    472,
    474,
    476,
    477,
    479,
    480,
    481,
    482,
    483,
    484,
    486,
    487,
    488,
    489,
    490,
    491,
    493,
    496,
    498,
    499,
    500,
    501,
    503,
    504,
    505,
    510,
    516,
    517,
    518,
    521,
    522,
    524,
    525,
    526,
    527,
    530,
    531,
    532,
    534,
    536,
    537,
    538,
    542,
    543,
    545,
    546,
    547,
    548,
    549,
    552,
    553,
    554,
    556,
    557,
    558,
    559,
    561,
    564,
    565,
    567,
    569,
    570,
    571,
    573,
    574,
    575,
    576,
    580,
    582,
    583,
    585,
    586,
    587,
    590,
    594,
    597,
    598,
    599,
    600,
    603,
    605,
    607,
    608,
    611,
    614,
    616,
    621,
    622,
    627,
    628,
    629,
    631,
    632,
    634,
    636,
    638,
    639,
    643,
    645,
    650,
    651,
    652,
    653,
    654,
    656,
    658,
    659,
    660,
    663,
    666,
    667,
    669,
    670,
    671,
    673,
    674,
    677,
    678,
    679,
    680,
    682,
    687,
    688,
    689,
    690,
    691,
    692,
    694,
    695,
    696,
    697,
    698,
    704,
    706,
    707,
    708,
    709,
    711,
    713,
    714,
    716,
    717,
    719,
    722,
    723,
    724,
    725,
    726,
    727,
    733,
    736,
    737,
    738,
    739,
    740,
    741,
    742,
    746,
    748,
    750,
    753,
    757,
    759,
    760,
    762,
    763,
    764,
    765,
    769,
    770,
    772,
    775,
    777,
    778,
    780,
    781,
    782,
    783,
    786,
    788,
    789,
    790,
    791,
    792,
    793,
    796,
    797,
    798,
    799,
    804,
    805,
    806,
    807,
    808,
    809,
    810,
    812,
    814,
    816,
    818,
    819,
    825,
    827,
    828,
    829,
    830,
    832,
    833,
    834,
    835,
    836,
    837,
    841,
    842,
    843,
    844,
    845,
    846,
    849,
    854,
    856,
    858,
    859,
    860,
    863,
    865,
    867,
    874,
    875,
    876,
    877,
    878,
    880,
    881,
    886,
    887,
    888,
    895,
    896,
    899,
    901,
    902,
    903,
    904,
    905,
    906,
    907,
    908,
    911,
    913,
    915,
    917,
    918,
    919,
    924,
    925,
    927,
    929,
    931,
    932,
    933,
    934,
    935,
    936,
    938,
    941,
    942,
    943,
    946,
    949,
    951,
    952,
    954,
    957,
    958,
    959,
    960,
    962,
    967,
    968,
    969,
    970,
    971,
    977,
    978,
    979,
    981,
    983,
    985,
    986,
    987,
    989,
    990,
    991,
    996,
    997,
    999
  ],