{
  "n_total": 1000,
  "n_token_misaligned": 230,
  "token_misaligned_indices": [
    7,
    8,
    9,
    19,
    25,
    35,
    36,
    37,
    40,
    45,
    50,
    57,
    63,
    68,
    73,
    74,
    76,
    85,
    86,
    100,
    101,
    103,
    107,
    119,
    122,
    123,
    129,
    131,
    139,
    140,
    141,
    145,
    149,
    154,
    160,
    165,
    170,
    171,
    173,
    180,
    191,
    192,
    200,
    206,
    207,
    210,
    215,
    216,
    223,
    227,
    230,
    233,
    238,
    248,
    251,
    253,
    254,
    258,
    261,
    262,
    263,
    264,
    265,
    270,
    277,
    279,
    281,
    282,
    284,
    287,
    291,
    292,
    302,
    304,
    310,
    317,
    320,
    321,
    325,
    338,
    339,
    340,
    341,
    354,
    355,
    362,
    369,
    370,
    371,
    375,
    376,
    382,
    385,
    390,
    391,
    397,
    399,
    400,
    403,
    413,
    416,
    417,
    427,
    429,
    430,
    434,
    436,
    437,
    440,
    450,
    452,
    456,
    457,
    469,
    472,
    480,
    481,
    487,
    494,
    495,
    501,
    506,
    508,
    517,
    522,
    530,
    533,
    534,
    535,
    540,
    546,
    547,
    548,
    549,
    552,
    553,
    562,
    569,
    571,
    575,
    577,
    584,
    585,
    592,
    593,
    594,
    596,
    628,
    629,
    630,
    631,
    637,
    645,
    647,
    655,
    657,
    661,
    663,
    666,
    667,
    671,
    672,
    681,
    686,
    688,
    697,
    700,
    703,
    708,
    710,
    715,
    719,
    722,
    726,
    727,
    730,
    735,
    736,
    738,
    740,
    751,
    756,
    757,
    760,
    762,
    770,
    779,
    780,
    788,
    796,
    797,
    799,
    801,
    802,
    807,
    814,
    824,
    826,
    829,
    835,
    837,
    842,
    847,
    852,
    854,
    858,
    868,
    874,
    876,
    877,
    879,
    882,
    902,
    915,
    916,
    917,
    928,
    930,
    931,
    932,
    937,
    948,
    952,
    956,
    963,
    974,
    981,
    983,
    986,
    997
  ],
  "n_after_alignment_filter": 770,
  "clean_accuracy": 0.9987012987012988,
  "corrupted_accuracy": 0.9961038961038962,
  "both_correct_accuracy": 0.9948051948051948,
  "n_both_correct": 766,
  "both_correct_indices": [
    0,
    1,
    2,
    3,
    4,
    5,
    6,
    10,
    11,
    12,
    13,
    14,
    15,
    16,
    17,
    18,
    20,
    21,
    22,
    23,
    24,
    26,
    27,
    28,
    29,
    30,
    31,
    32,
    33,
    34,
    38,
    39,
    41,
    42,
    43,
    44,
    46,
    47,
    48,
    49,
    51,
    52,
    53,
    54,
    55,
    56,
    58,
    59,
    60,
    61,
    62,
    64,
    65,
    66,
    67,
    69,
    70,
    71,
    72,
    75,
    77,
    78,
    79,
    80,
    81,
    82,
    83,
    84,
    87,
    88,
    89,
    90,
    91,
    92,
    93,
    94,
    95,
    96,
    97,
    98,
    99,
    102,
    104,
    105,
    106,
    108,
    109,
    110,
    111,
    112,
    113,
    114,
    115,
    116,
    117,
    118,
    120,
    121,
    124,
    125,
    126,
    127,
    128,
    130,
    132,
    133,
    134,
    135,
    136,
    137,
    138,
    142,
    144,
    146,
    147,
    148,
    150,
    151,
    152,
    153,
    155,
    156,
    157,
    158,
    159,
    161,
    162,
    163,
    164,
    166,
    167,
    168,
    169,
    172,
    174,
    175,
    176,
    177,
    178,
    179,
    181,
    182,
    183,
    184,
    185,
    186,
    187,
    188,
    189,
    190,
    193,
    194,
    195,
    196,
    197,
    198,
    199,
    201,
    202,
    203,
    204,
    205,
    208,
    209,
    211,
    212,
    213,
    214,
    217,
    218,
    219,
    220,
    221,
    222,
    224,
    225,
    226,
    228,
    229,
    231,
    232,
    234,
    235,
    236,
    237,
    239,
    240,
    241,
    242,
    243,
    244,
    245,
    246,
    247,
    249,
    250,
    252,
    255,
    256,
    257,
    259,
    260,
    266,
    267,
    268,
    269,
    271,
    272,
    273,
    274,
    275,
    276,
    278,
    280,
    283,
    285,
    286,
    288,
    289,
    290,
    293,
    294,
    295,
    296,
    297,
    298,
    299,
    300,
    301,
    303,
    305,
    306,
    307,
    308,
    309,
    311,
    312,
    313,
    314,
    315,
    316,
    318,
    319,
    322,
    323,
    324,
    326,
    327,
    328,
    329,
    330,
    331,
    332,
    333,
    334,
    335,
    336,
    337,
    342,
    343,
    344,
    345,
    346,
    347,
    348,
    349,
    350,
    351,
    352,
    353,
    356,
    357,
    358,
    359,
    360,
    361,
    363,
    364,
    365,
    366,
    367,
    368,
    372,
    373,
    374,
    377,
    378,
    379,
    380,
    381,
    383,
    384,
    386,
    387,
    388,
    389,
    392,
    393,
    394,
    395,
    396,
    398,
    401,
    402,
    404,
    405,
    406,
    407,
    408,
    409,
    410,
    411,
    412,
    414,
    415,
    418,
    419,
    420,
    421,
    422,
    423,
    424,
    425,
    426,
    428,
    431,
    432,
    433,
    435,
    438,
    439,
    441,
    442,
    443,
    444,
    445,
    446,
    447,
    448,
    449,
    451,
    453,
    454,
    455,
    458,
    459,
    460,
    461,
    462,
    463,
    464,
    465,
    466,
    467,
    468,
    470,
    471,
    473,
    474,
    475,
    476,
    477,
    478,
    479,
    482,
    483,
    484,
    485,
    486,
    488,
    489,
    490,
    491,
    492,
    493,
    496,
    497,
    498,
    499,
    500,
    502,
    503,
    504,
    505,
    507,
    509,
    510,
    511,
    512,
    513,
    514,
    515,
    516,
    518,
    519,
    520,
    521,
    523,
    524,
    525,
    526,
    527,
    528,
    529,
    531,
    532,
    536,
    537,
    538,
    539,
    541,
    542,
    543,
    544,
    545,
    550,
    551,
    554,
    555,
    556,
    557,
    558,
    559,
    560,
    561,
    563,
    564,
    565,
    566,
    567,
    568,
    570,
    572,
    573,
    574,
    576,
    578,
    579,
    580,
    581,
    582,
    583,
    586,
    587,
    588,
    589,
    590,
    591,
    595,
    597,
    598,
    599,
    600,
    601,
    602,
    603,
    604,
    605,
    606,
    607,
    608,
    609,
    610,
    611,
    612,
    613,
    614,
    615,
    616,
    617,
    619,
    620,
    621,
    622,
    623,
    624,
    625,
    626,
    627,
    632,
    633,
    634,
    635,
    636,
    638,
    639,
    640,
    641,
    642,
    643,
    644,
    646,
    648,
    649,
    650,
    651,
    652,
    653,
    654,
    656,
    658,
    659,
    660,
    662,
    664,
    665,
    668,
    669,
    670,
    673,
    674,
    675,
    676,
    677,
    678,
    679,
    680,
    682,
    683,
    684,
    685,
    687,
    689,
    690,
    691,
    692,
    693,
    694,
    695,
    696,
    698,
    699,
    701,
    702,
    704,
    705,
    706,
    707,
    709,
    711,
    713,
    714,
    716,
    717,
    718,
    720,
    721,
    723,
    724,
    725,
    728,
    729,
    731,
    732,
    733,
    734,
    737,
    739,
    741,
    742,
    743,
    744,
    745,
    746,
    747,
    748,
    749,
    750,
    752,
    753,
    754,
    755,
    758,
    759,
    761,
    763,
    764,
    765,
    766,
    767,
    768,
    769,
    771,
    772,
    773,
    774,
    775,
    776,
    777,
    778,
    781,
    782,
    783,
    784,
    785,
    786,
    787,
    789,
    790,
    791,
    792,
    793,
    794,
    795,
    798,
    800,
    803,
    804,
    805,
    806,
    808,
    809,
    810,
    811,
    812,
    813,
    815,
    816,
    817,
    818,
    819,
    820,
    821,
    822,
    823,
    825,
    827,
    828,
    830,
    831,
    832,
    833,
    834,
    836,
    838,
    839,
    840,
