{
  "n_total": 1000,
  "n_token_misaligned": 8,
  "token_misaligned_indices": [
    107,
    159,
    403,
    533,
    577,
    655,
    691,
    887
  ],
  "n_after_alignment_filter": 992,
  "clean_accuracy": 0.842741935483871,
  "corrupted_accuracy": 0.842741935483871,
  "both_correct_accuracy": 0.6895161290322581,
  "n_both_correct": 684,
  "both_correct_indices": [
    1,
    2,
    3,
    4,
    6,
    7,
    9,
    11,
    12,
    15,
    18,
    21,
    22,
    23,
    25,
    26,
    27,
    28,
    29,
    30,
    31,
    34,
    35,
    37,
    38,
    39,
    40,
    42,
    46,
    47,
    50,
    51,
    53,
    54,
    57,
    58,
    60,
    62,
    66,
    67,
    68,
    69,
    70,
    72,
    74,
    75,
    77,
    78,
    79,
    81,
    82,
    83,
    86,
    90,
    91,
    94,
    95,
    96,
    98,
    100,
    101,
    102,
    103,
    106,
    110,
    111,
    112,
    113,
    114,
    115,
    117,
    120,
    122,
    123,
    124,
    125,
    126,
    127,
    128,
    129,
    130,
    131,
    132,
    133,
    134,
    135,
    137,
    138,
    139,
    140,
    141,
    142,
    144,
    145,
    147,
    148,
    149,
    150,
    151,
    152,
    154,
    157,
    160,
    161,
    162,
    163,
    164,
    165,
    166,
    170,
    171,
    173,
    174,
    175,
    178,
    179,
    180,
    181,
    182,
    183,
    184,
    185,
    186,
    187,
    189,
    190,
    194,
    195,
    196,
    197,
    198,
    199,
    202,
    203,
    205,
    207,
    210,
    211,
    214,
    215,
    217,
    218,
    219,
    220,
    222,
    223,
    225,
    226,
    230,
    231,
    233,
    234,
    235,
    236,
    237,
    238,
    240,
    242,
    243,
    245,
    246,
    249,
    250,
    254,
    255,
    257,
    258,
    262,
    263,
    266,
    268,
    269,
    270,
    271,
    272,
    274,
    276,
    277,
    278,
    279,
    280,
    281,
    283,
    286,
    287,
    288,
    289,
    290,
    291,
    294,
    295,
    296,
    297,
    298,
    301,
    303,
    304,
    306,
    307,
    309,
    310,
    311,
    312,
    313,
    314,
    315,
    317,
    318,
    319,
    320,
    321,
    323,
    324,
    325,
    326,
    327,
    329,
    330,
    331,
    332,
    334,
    337,
    338,
    340,
    341,
    342,
    343,
    345,
    346,
    348,
    349,
    350,
    351,
    353,
    355,
    356,
    357,
    358,
    359,
    361,
    362,
    363,
    365,
    366,
    367,
    370,
    371,
    374,
    376,
    377,
    378,
    379,
    380,
    383,
    385,
    386,
    387,
    389,
    390,
    391,
    392,
    393,
    394,
    395,
    396,
    397,
    399,
    404,
    405,
    406,
    407,
    409,
    410,
    411,
    414,
    415,
    419,
    421,
    422,
    423,
    424,
    425,
    427,
    428,
    429,
    430,
    432,
    433,
    434,
    437,
    438,
    439,
    440,
    441,
    442,
    447,
    448,
    450,
    451,
    452,
    454,
    455,
    457,
    458,
    459,
    461,
    463,
    466,
    467,
    468,
    469,
    470,
    471,
    473,
    475,
    476,
    477,
    478,
    480,
    481,
    482,
    483,
    484,
    486,
    489,
    490,
    491,
    495,
    496,
    497,
    498,
    499,
    501,
    503,
    505,
    506,
    507,
    508,
    510,
    512,
    513,
    514,
    517,
    518,
    521,
    522,
    523,
    524,
    526,
    529,
    530,
    534,
    535,
    536,
    537,
    538,
    541,
    544,
    545,
    546,
    549,
    550,
    551,
    554,
    555,
    556,
    557,
    558,
    559,
    560,
    562,
    563,
    565,
    566,
    569,
    570,
    571,
    572,
    574,
    575,
    578,
    579,
    580,
    581,
    582,
    583,
    584,
    585,
    586,
    587,
    588,
    589,
    590,
    591,
    592,
    593,
    594,
    595,
    596,
    598,
    602,
    603,
    606,
    609,
    610,
    611,
    614,
    615,
    616,
    617,
    618,
    619,
    621,
    622,
    624,
    625,
    626,
    627,
    629,
    630,
    631,
    633,
    636,
    638,
    639,
    641,
    642,
    643,
    646,
    647,
    648,
    649,
    650,
    651,
    652,
    653,
    654,
    656,
    657,
    658,
    659,
    662,
    663,
    664,
    665,
    666,
    667,
    669,
    670,
    671,
    672,
    673,
    674,
    675,
    677,
    678,
    679,
    680,
    681,
    682,
    683,
    684,
    685,
    686,
    687,
    688,
    690,
    694,
    697,
    700,
    704,
    705,
    706,
    707,
    709,
    710,
    711,
    712,
    713,
    714,
    715,
    716,
    718,
    719,
    720,
    721,
    722,
    723,
    725,
    727,
    729,
    730,
    731,
    732,
    733,
    734,
    735,
    736,
    737,
    738,
    739,
    740,
    741,
    742,
    743,
    744,
    745,
    748,
    749,
    751,
    752,
    754,
    755,
    757,
    758,
    759,
    763,
    764,
    765,
    766,
    767,
    768,
    769,
    770,
    771,
    774,
    775,
    777,
    778,
    779,
    781,
    782,
    783,
    785,
    786,
    787,
    788,
    789,
    790,
    791,
    792,
    793,
    794,
    795,
    796,
    797,
    798,
    799,
    801,
    802,
    803,
    806,
    807,
    809,
    810,
    811,
    812,
    813,
    814,
    815,
    817,
    818,
    819,
    820,
    821,
    822,
    826,
    827,
    829,
    834,
    835,
    837,
    838,
    839,
    840,
    841,
    842,
    846,
    847,
    848,
    849,
    850,
    851,
    853,
    856,
    857,
    858,
    859,
    861,
    862,
    863,
    866,
    867,
    870,
    871,
    873,
    874,
    875,
    877,
    878,
    879,
    880,
    882,
    883,
    884,
    885,
    886,
    889,
    890,
    892,
    893,
    894,
    896,
    898,
    899,
    901,
    902,
    904,
    906,
    907,
    908,
    910,
    911,
    912,
    914,
    915,
    916,
    918,
    920,
    921,
    922,
    923,
    924,
    925,
    926,
    927,
    929,
    931,
    932,
    933,
    934,
    935,
    937,
    938,
    939,
    941,
    943,
    946,
    949,
    950,
    951,
    952,
    953,
    957,
    958,
    959,
    961,
    962,
    966,
    968,
    969,
    970,
    971,
    972,
    973,
    974,
    975,
    976,
    977,
    978,
    979,
    981,
    982,
    983,
    984,
    986,
    987,
    989,
    990,
    995,
    996,
    997,
    998,
    999
  ],