{
  "n_total": 1000,
  "n_token_misaligned": 160,
  "token_misaligned_indices": [
    12,
    15,
    21,
    23,
    26,
    28,
    37,
    45,
    51,
    53,
    70,
    79,
    88,
    95,
    100,
    118,
    126,
    128,
    131,
    132,
    140,
    146,
    151,
    152,
    153,
    158,
    164,
    167,
    170,
    174,
    176,
    180,
    181,
    202,
    203,
    209,
    215,
    216,
    224,
    225,
    228,
    231,
    234,
    243,
    263,
    276,
    283,
    306,
    309,
    329,
    331,
    333,
    340,
    347,
    356,
    357,
    358,
    359,
    360,
    366,
    370,
    388,
    397,
    403,
    407,
    417,
    421,
    422,
    429,
    437,
    440,
    441,
    444,
    450,
    456,
    471,
    475,
    478,
    492,
    507,
    513,
    515,
    523,
    528,
    540,
    544,
    551,
    560,
    566,
    589,
    591,
    593,
    604,
    606,
    609,
    610,
    617,
    619,
    620,
    623,
    630,
    635,
    640,
    641,
    661,
    662,
    665,
    675,
    683,
    684,
    700,
    710,
    715,
    730,
    732,
    735,
    744,
    751,
    754,
    784,
    785,
    800,
    802,
    820,
    823,
    826,
    840,
    848,
    851,
    853,
    855,
    861,
    866,
    868,
    869,
    873,
    882,
    885,
    890,
    891,
    893,
    897,
    898,
    912,
    914,
    920,
    921,
    926,
    928,
    937,
    944,
    945,
    966,
    972,
    975,
    988,
    992,
    993,
    995,
    998
  ],
  "n_after_alignment_filter": 840,
  "clean_accuracy": 0.8869047619047619,
  "corrupted_accuracy": 0.9178571428571428,
  "both_correct_accuracy": 0.8142857142857143,
  "n_both_correct": 684,
  "both_correct_indices": [
    0,
    1,
    2,
    3,
    4,
    5,
    6,
    7,
    8,
    9,
    10,
    11,
    13,
    14,
    17,
    18,
    20,
    22,
    24,
    25,
    27,
    29,
    31,
    32,
    33,
    35,
    36,
    38,
    40,
    41,
    42,
    43,
    44,
    46,
    47,
    48,
    49,
    50,
    54,
    55,
    56,
    57,
    58,
    60,
    63,
    65,
    67,
    68,
    69,
    71,
    73,
    74,
    76,
    77,
    78,
    82,
    83,
    84,
    85,
    86,
    89,
    90,
    91,
    93,
    97,
    99,
    101,
    102,
    103,
    105,
    106,
    107,
    108,
    109,
    112,
    113,
    114,
    115,
    116,
    117,
    119,
    120,
    121,
    122,
    123,
    124,
    125,
    127,
    129,
    130,
    133,
    135,
    137,
    138,
    141,
    142,
    143,
    145,
    147,
    148,
    155,
    156,
    159,
    160,
    161,
    162,
    163,
    166,
    168,
    169,
    171,
    172,
    173,
    175,
    177,
    178,
    179,
    184,
    186,
    187,
    188,
    189,
    190,
    191,
    192,
    193,
    195,
    196,
    197,
    198,
    199,
    200,
    201,
    204,
    205,
    206,
    207,
    210,
    211,
    213,
    217,
    218,
    220,
    221,
    222,
    223,
    226,
    227,
    229,
    230,
    232,
    235,
    236,
    239,
    240,
    241,
    242,
    244,
    245,
    247,
    249,
    250,
    251,
    252,
    253,
    254,
    255,
    256,
    258,
    259,
    260,
    261,
    264,
    265,
    266,
    268,
    269,
    270,
    272,
    273,
    274,
    277,
    278,
    279,
    280,
    281,
    284,
    285,
    286,
    287,
    288,
    289,
    290,
    292,
    293,
    294,
    295,
    296,
    297,
    298,
    299,
    300,
    301,
    302,
    303,
    304,
    305,
    307,
    308,
    310,
    311,
    313,
    314,
    315,
    316,
    317,
    318,
    319,
    320,
    321,
    322,
    324,
    326,
    330,
    332,
    335,
    336,
    337,
    338,
    339,
    342,
    345,
    346,
    348,
    349,
    350,
    351,
    352,
    354,
    355,
    361,
    362,
    363,
    364,
    365,
    367,
    368,
    369,
    371,
    372,
    373,
    375,
    376,
    377,
    378,
    379,
    380,
    382,
    384,
    385,
    386,
    389,
    390,
    391,
    392,
    393,
    395,
    398,
    399,
    400,
    401,
    402,
    404,
    405,
    406,
    408,
    409,
    411,
    413,
    414,
    415,
    416,
    419,
    423,
    424,
    425,
    428,
    430,
    431,
    432,
    433,
    436,
    439,
    442,
    443,
    445,
    446,
    447,
    448,
    451,
    452,
    453,
    454,
    457,
    458,
    459,
    460,
    461,
    462,
    463,
    464,
    465,
    466,
    467,
    468,
    469,
    472,
    473,
    474,
    476,
    477,
    479,
    480,
    482,
    483,
    484,
    485,
    486,
    487,
    488,
    489,
    490,
    491,
    493,
    494,
    495,
    496,
    497,
    498,
    499,
    500,
    501,
    502,
    503,
    504,
    505,
    508,
    509,
    510,
    511,
    512,
    514,
    516,
    518,
    521,
    522,
    524,
    525,
    526,
    527,
    529,
    530,
    531,
    532,
    534,
    535,
    536,
    537,
    538,
    541,
    542,
    543,
    545,
    546,
    547,
    548,
    549,
    552,
    553,
    554,
    556,
    557,
    558,
    559,
    561,
    562,
    563,
    564,
    565,
    567,
    569,
    570,
    571,
    572,
    573,
    574,
    575,
    576,
    577,
    578,
    579,
    580,
    581,
    584,
    585,
    586,
    587,
    590,
    592,
    594,
    595,
    597,
    598,
    599,
    600,
    601,
    602,
    605,
    608,
    611,
    612,
    613,
    614,
    615,
    616,
    618,
    621,
    622,
    624,
    625,
    626,
    627,
    628,
    629,
    631,
    632,
    633,
    634,
    636,
    637,
    638,
    639,
    642,
    643,
    648,
    650,
    651,
    652,
    653,
    654,
    655,
    656,
    659,
    660,
    663,
    664,
    667,
    668,
    669,
    670,
    671,
    673,
    674,
    677,
    678,
    679,
    680,
    681,
    682,
    686,
    688,
    689,
    690,
    691,
    692,
    693,
    694,
    696,
    697,
    698,
    701,
    702,
    703,
    704,
    706,
    707,
    708,
    711,
    712,
    713,
    714,
    716,
    717,
    719,
    720,
    722,
    723,
    724,
    725,
    726,
    727,
    728,
    729,
    731,
    733,
    734,
    736,
    737,
    738,
    739,
    740,
    742,
    746,
    747,
    748,
    752,
    753,
    755,
    756,
    758,
    759,
    760,
    761,
    763,
    765,
    766,
    767,
    768,
    769,
    770,
    772,
    774,
    775,
    776,
    777,
    778,
    779,
    780,
    781,
    782,
    787,
    788,
    789,
    790,
    791,
    792,
    793,
    794,
    795,
    796,
    797,
    798,
    799,
    803,
    804,
    805,
    806,
    807,
    808,
    809,
    810,
    811,
    812,
    813,
    814,
    815,
    816,
    817,
    818,
    819,
    825,
    827,
    828,
    829,
    830,
    831,
    832,
    833,
    834,
    835,
    836,
    837,
    841,
    842,
    843,
    844,
    846,
    849,
    852,
    857,
    858,
    859,
    862,
    863,
    864,
    865,
    867,
    870,
    874,
    875,
    876,
    877,
    878,
    880,
    881,
    883,
    884,
    887,
    888,
    889,
    892,
    895,
    896,
    899,
    900,
    901,
    902,
    903,
    904,
    905,
    906,
    907,
    908,
    909,
    911,
    913,
    915,
    916,
    917,
    918,
    919,
    922,
    923,
    924,
    925,
    927,
    929,
    930,
    931,
    932,
    933,
    938,
    939,
    941,
    943,
    946,
    947,
    949,
    950,
    951,
    952,
    953,
    954,
    955,
    956,
    957,
    958,
    959,
    960,
    961,
    962,
    963,
    965,
    967,
    968,
    969,
    970,
    971,
    973,
    974,
    976,
    977,
    981,
    983,
    984,
    985,
    986,
    989,
    990,
    991,
    994,
    996,
    997,
    999
  ],