{
  "n_total": 2000,
  "n_token_misaligned": 107,
  "token_misaligned_indices": [
    9,
    19,
    20,
    24,
    54,
    58,
    75,
    84,
    98,
    100,
    105,
    131,
    137,
    142,
    152,
    160,
    180,
    184,
    261,
    279,
    360,
    390,
    395,
    400,
    415,
    426,
    439,
    464,
    506,
    508,
    536,
    555,
    585,
    592,
    624,
    627,
    630,
    631,
    648,
    666,
    683,
    692,
    699,
    762,
    771,
    792,
    794,
    803,
    827,
    890,
    914,
    932,
    948,
    956,
    959,
    981,
    989,
    1011,
    1042,
    1078,
    1084,
    1115,
    1116,
    1119,
    1125,
    1135,
    1150,
    1152,
    1159,
    1162,
    1185,
    1202,
    1236,
    1240,
    1297,
    1299,
    1345,
    1352,
    1386,
    1413,
    1418,
    1419,
    1519,
    1531,
    1535,
    1554,
    1577,
    1606,
    1617,
    1624,
    1642,
    1649,
    1661,
    1725,
    1732,
    1738,
    1748,
    1753,
    1802,
    1825,
    1866,
    1876,
    1898,
    1901,
    1919,
    1929,
    1987
  ],
  "n_after_alignment_filter": 1893,
  "clean_accuracy": 0.5324881141045958,
  "corrupted_accuracy": 0.5541468568409932,
  "both_correct_accuracy": 0.13153724247226625,
  "n_both_correct": 249,
  "both_correct_indices": [
    0,
    2,
    3,
    8,
    14,
    15,
    33,
    39,
    43,
    47,
    74,
    81,
    110,
    121,
    126,
    130,
    132,
    138,
    140,
    167,
    178,
    222,
    226,
    232,
    233,
    241,
    248,
    256,
    271,
    274,
    278,
    293,
    309,
    311,
    314,
    324,
    341,
    369,
    374,
    375,
    389,
    391,
    399,
    403,
    407,
    408,
    434,
    440,
    445,
    446,
    452,
    458,
    465,
    473,
    474,
    476,
    489,
    498,
    499,
    511,
    534,
    538,
    546,
    548,
    549,
    559,
    569,
    580,
    595,
    616,
    622,
    623,
    632,
    651,
    652,
    653,
    655,
    656,
    661,
    669,
    670,
    686,
    688,
    689,
    696,
    697,
    707,
    714,
    724,
    725,
    737,
    739,
    741,
    754,
    761,
    789,
    807,
    810,
    826,
    833,
    835,
    839,
    849,
    858,
    863,
    868,
    888,
    892,
    896,
    903,
    909,
    917,
    924,
    933,
    940,
    942,
    950,
    954,
    979,
    986,
    994,
    1010,
    1021,
    1049,
    1054,
    1069,
    1086,
    1099,
    1102,
    1103,
    1105,
    1129,
    1144,
    1145,
    1147,
    1156,
    1164,
    1174,
    1178,
    1188,
    1201,
    1212,
    1215,
    1230,
    1232,
    1237,
    1247,
    1254,
    1259,
    1265,
    1268,
    1298,
    1322,
    1325,
    1336,
    1339,
    1341,
    1343,
    1350,
    1351,
    1354,
    1357,
    1362,
    1378,
    1388,
    1394,
    1395,
    1400,
    1402,
    1406,
    1409,
    1417,
    1433,
    1441,
    1457,
    1460,
    1462,
    1464,
    1468,
    1472,
    1481,
    1485,
    1488,
    1498,
    1508,
    1520,
    1523,
    1537,
    1549,
    1559,
    1561,
    1573,
    1574,
    1589,
    1625,
    1627,
    1628,
    1639,
    1640,
    1641,
    1646,
    1651,
    1658,
    1675,
    1678,
    1690,
    1691,
    1700,
    1701,
    1712,
    1714,
    1715,
    1730,
    1733,
    1740,
    1741,
    1742,
    1746,
    1758,
    1763,
    1778,
    1779,
    1785,
    1799,
    1810,
    1818,
    1820,
    1838,
    1840,
    1843,
    1868,
    1873,
    1878,
    1893,
    1913,
    1926,
    1930,
    1931,
    1932,
    1953,
    1961,
    1970,
    1973,
    1978,
    1980,
    1983,
    1984,
    1985,
    1988
  ],
  "not_both_correct_indices": [
    1,
    4,
    5,
    6,
    7,
    10,
    11,
    12,
    13,
    16,
    17,
    18,
    21,
    22,
    23,
    25,
    26,
    27,
    28,
    29,
    30,
    31,
    32,
    34,
    35,
    36,
    37,
    38,
    40,
    41,
    42,
    44,
    45,
    46,
    48,
    49,
    50,
    51,
    52,
    53,
    55,
    56,
    57,
    59,
    60,
    61,
    62,
    63,
    64,
    65,
    66,
    67,
    68,
    69,
    70,
    71,
    72,
    73,
    76,
    77,
    78,
    79,
    80,
    82,
    83,
    85,
    86,
    87,
    88,
    89,
    90,
    91,
    92,
    93,
    94,
    95,
    96,
    97,
    99,
    101,
    102,
    103,
    104,
    106,
    107,
    108,
    109,
    111,
    112,
    113,
    114,
    115,
    116,
    117,
    118,
    119,
    120,
    122,
    123,
    124,
    125,
    127,
    128,
    129,
    133,
    134,
    135,
    136,
    139,
    141,
    143,
    144,
    145,
    146,
    147,
    148,
    149,
    150,
    151,
    153,
    154,
    155,
    156,
    157,
    158,
    159,
    161,
    162,
    163,
    164,
    165,
    166,
    168,
    169,
    170,
    171,
    172,
    173,
    174,
    175,
    176,
    177,
    179,
    181,
    182,
    183,
    185,
    186,
    187,
    188,
    189,
    190,
    191,
    192,
    193,
    194,
    195,
    196,
    197,
    198,
    199,
    200,
    201,
    202,
    203,
    204,
    205,
    206,
    207,
    208,
    209,
    210,
    211,
    212,
    213,
    214,
    215,
    216,
    217,
    218,
    219,
    220,
    221,
    223,
    224,
    225,
    227,
    228,
    229,
    230,
    231,
    234,
    235,
    236,
    237,
    238,
    239,
    240,
    242,
    243,
    244,
    245,
    246,
    247,
    249,
    250,
    251,
    252,
    253,
    254,
    255,
    257,
    258,
    259,
    260,
    262,
    263,
    264,
    265,
    266,
    267,
    268,
    269,
    270,
    272,
    273,
    275,
    276,
    277,
    280,
    281,
    282,
    283,
    284,
    285,
    286,
    287,
    288,
    289,
    290,
    291,
    292,
    294,
    295,
    296,
    297,
    298,
    299,
    300,
    301,
    302,
    303,
    304,
    305,
    306,
    307,
    308,
    310,
    312,
    313,
    315,
    316,
    317,
    318,
    319,
    320,
    321,
    322,
    323,
    325,
    326,
    327,
    328,
    329,
    330,
    331,
    332,
    333,
    334,
    335,
    336,
    337,
    338,
    339,
    340,
    342,
    343,
    344,
    345,
    346,
    347,
    348,
    349,
    350,
    351,
    352,
    353,
    354,
    355,
    356,
    357,
    358,
    359,
    361,
    362,
    363,
    364,
    365,
    366,
    367,
    368,
    370,
    371,
    372,
    373,
    376,
    377,
    378,
    379,
    380,
    381,
    382,
    383,
    384,
    385,
    386,
    387,
    388,
    392,
    393,
    394,
    396,
    397,
    398,
    401,
    402,
    404,
    405,
    406,
    409,
    410,
    411,
    412,
    413,
    414,
    416,
    417,
    418,
    419,
    420,
    421,
    422,
    423,
    424,
    425,
    427,
    428,
    429,
    430,
    431,
    432,
    433,
    435,
    436,
    437,
    438,
    441,
    442,
    443,
    444,
    447,
    448,
    449,
    450,
    451,
    453,
    454,
    455,
    456,
    457,
    459,
    460,
    461,
    462,
    463,
    466,
    467,
    468,
    469,
    470,
    471,
    472,
    475,
    477,
    478,
    479,
    480,
    481,
    482,
    483,
    484,
    485,
    486,
    487,
    488,
    490,
    491,
    492,
    493,
    494,
    495,
    496,
    497,
    500,
    501,
    502,
    503,
    504,
    505,
    507,
    509,
    510,
    512,
    513,
    514,
    515,
    516,
    517,
    518,
    519,
    520,
    521,
    522,
    523,
    524,
    525,
    526,
    527,
    528,
    529,
    530,
    531,
    532,
    533,
    535,
    537,
    539,
    540,
    541,
    542,
    543,
    544,
    545,
    547,
    550,
    551,
    552,
    553,
    554,
    556,
    557,
    558,
    560,
    561,
    562,
    563,
    564,
    565,
    566,
    567,
    568,
    570,
    571,
    572,
    573,
    574,
    575,
    576,
    577,
    578,
    579,
    581,
    582,
    583,
    584,
    586,
    587,
