{
  "n_total": 1100,
  "n_token_misaligned": 0,
  "token_misaligned_indices": [],
  "n_after_alignment_filter": 1100,
  "clean_accuracy": 0.8927272727272727,
  "corrupted_accuracy": 0.8954545454545455,
  "both_correct_accuracy": 0.7927272727272727,
  "n_both_correct": 872,
  "both_correct_indices": [
    0,
    1,
    2,
    3,
    4,
    5,
    6,
    8,
    10,
    11,
    12,
    13,
    14,
    15,
    17,
    19,
    20,
    21,
    22,
    23,
    25,
    26,
    27,
    28,
    29,
    30,
    31,
    32,
    33,
    34,
    35,
    36,
    37,
    38,
    39,
    40,
    41,
    42,
    44,
    47,
    49,
    50,
    51,
    52,
    54,
    55,
    56,
    57,
    58,
    59,
    60,
    61,
    62,
    64,
    65,
    68,
    69,
    71,
    72,
    73,
    74,
    76,
    77,
    78,
    79,
    80,
    81,
    82,
    83,
    84,
    86,
    87,
    88,
    89,
    90,
    91,
    92,
    93,
    94,
    95,
    98,
    99,
    102,
    103,
    104,
    105,
    106,
    107,
    108,
    109,
    110,
    111,
    114,
    116,
    117,
    119,
    121,
    123,
    124,
    126,
    127,
    128,
    129,
    132,
    133,
    134,
    135,
    136,
    137,
    138,
    140,
    141,
    143,
    145,
    148,
    149,
    152,
    153,
    154,
    155,
    156,
    157,
    158,
    160,
    161,
    162,
    163,
    164,
    165,
    166,
    167,
    168,
    169,
    170,
    171,
    172,
    173,
    175,
    176,
    177,
    178,
    179,
    180,
    181,
    182,
    183,
    184,
    185,
    186,
    187,
    188,
    189,
    191,
    194,
    195,
    196,
    198,
    199,
    200,
    202,
    203,
    204,
    205,
    206,
    208,
    209,
    210,
    211,
    212,
    213,
    214,
    216,
    217,
    219,
    220,
    221,
    222,
    224,
    225,
    226,
    227,
    230,
    231,
    233,
    234,
    235,
    236,
    237,
    238,
    240,
    241,
    242,
    243,
    244,
    245,
    246,
    247,
    248,
    249,
    250,
    251,
    253,
    254,
    255,
    256,
    258,
    262,
    264,
    265,
    268,
    269,
    270,
    272,
    273,
    274,
    275,
    276,
    277,
    279,
    280,
    281,
    282,
    283,
    284,
    285,
    286,
    287,
    288,
    289,
    290,
    291,
    292,
    293,
    294,
    295,
    296,
    297,
    298,
    299,
    301,
    302,
    304,
    306,
    307,
    308,
    309,
    310,
    311,
    314,
    315,
    316,
    317,
    319,
    320,
    322,
    325,
    329,
    330,
    334,
    335,
    336,
    339,
    340,
    342,
    343,
    344,
    345,
    347,
    348,
    349,
    351,
    352,
    353,
    354,
    356,
    357,
    358,
    359,
    360,
    361,
    362,
    364,
    365,
    366,
    367,
    368,
    369,
    370,
    371,
    372,
    373,
    374,
    377,
    378,
    380,
    382,
    383,
    384,
    385,
    386,
    387,
    388,
    389,
    391,
    392,
    395,
    396,
    397,
    398,
    399,
    400,
    401,
    402,
    403,
    404,
    406,
    408,
    409,
    410,
    412,
    413,
    414,
    417,
    418,
    419,
    420,
    421,
    422,
    423,
    424,
    425,
    427,
    428,
    430,
    431,
    433,
    434,
    435,
    437,
    438,
    440,
    441,
    443,
    446,
    447,
    448,
    449,
    450,
    452,
    455,
    456,
    457,
    459,
    460,
    461,
    462,
    464,
    466,
    467,
    469,
    470,
    471,
    473,
    475,
    477,
    478,
    479,
    482,
    483,
    484,
    485,
    486,
    487,
    488,
    489,
    491,
    492,
    494,
    495,
    496,
    497,
    498,
    499,
    500,
    501,
    502,
    503,
    504,
    505,
    506,
    508,
    509,
    511,
    513,
    514,
    515,
    517,
    518,
    519,
    520,
    521,
    522,
    523,
    524,
    526,
    527,
    528,
    529,
    530,
    531,
    532,
    533,
    534,
    535,
    536,
    537,
    538,
    539,
    540,
    542,
    543,
    544,
    545,
    546,
    547,
    550,
    551,
    552,
    554,
    555,
    556,
    557,
    558,
    559,
    560,
    563,
    564,
    565,
    566,
    567,
    568,
    569,
    571,
    572,
    573,
    574,
    576,
    577,
    578,
    579,
    580,
    581,
    583,
    584,
    585,
    586,
    587,
    588,
    589,
    590,
    591,
    592,
    595,
    596,
    597,
    598,
    600,
    601,
    602,
    603,
    604,
    605,
    606,
    607,
    608,
    609,
    610,
    611,
    612,
    613,
    615,
    616,
    617,
    618,
    619,
    620,
    621,
    622,
    624,
    625,
    626,
    627,
    628,
    629,
    630,
    631,
    632,
    633,
    634,
    635,
    636,
    637,
    640,
    641,
    642,
    643,
    644,
    645,
    646,
    648,
    649,
    650,
    651,
    652,
    653,
    654,
    655,
    656,
    657,
    658,
    660,
    662,
    663,
    666,
    667,
    668,
    669,
    671,
    673,
    674,
    675,
    676,
    677,
    678,
    679,
    680,
    681,
    682,
    683,
    684,
    685,
    686,
    688,
    690,
    692,
    693,
    694,
    695,
    696,
    699,
    700,
    701,
    702,
    703,
    704,
    705,
    706,
    707,
    708,
    709,
    711,
    712,
    713,
    714,
    715,
    716,
    717,
    718,
    719,
    720,
    721,
    722,
    723,
    724,
    725,
    726,
    728,
    730,
    731,
    732,
    734,
    735,
    737,
    738,
    739,
    740,
    742,
    743,
    744,
    745,
    746,
    748,
    752,
    753,
    754,
    755,
    756,
    757,
    758,
    760,
    761,
    762,
    764,
    765,
    766,
    767,
    768,
    772,
    774,
    775,
    776,
    777,
    778,
    779,
    780,
    781,
    782,
    783,
    784,
    785,
    786,
    788,
    789,
    790,
    791,
    792,
    793,
    794,
    796,
    798,
    800,
    802,
    803,
    804,
    805,
    806,
    807,
    808,
    810,
    811,
    814,
    815,
    816,
    817,
    818,
    819,
    821,
    822,
    824,
    825,
    826,
    827,
    828,
    830,
    831,
    832,
    833,
    834,
    835,
    836,
    837,
    838,
    840,
    841,
    842,
    843,
    844,
    845,
    846,
    848,
    849,
    850,
    851,
    852,
    853,
    854,
    855,
    857,
    860,
    861,
    862,
    864,
    865,
    866,
    867,
    868,
    869,
    871,
    872,
    873,
    874,
    875,
    877,
    880,
    881,
    882,
    884,
    887,
    888,
    889,
    890,
    891,
    892,
    894,
    895,
    896,
    897,
    899,
    900,
    901,
    902,
    903,
    904,
    905,
    906,
    908,
    909,
    910,
    911,
    912,
    913,
    914,
    915,
    916,
    917,
    918,
    921,
    922,
    923,
    924,
    925,
    926,
    928,
    931,
    932,
    933,
    934,
    935,
    936,
    937,
    939,
    940,
    941,
    942,
    943,
    944,
    946,
    947,
    948,
    950,
    951,
    952,
    954,
    955,
    956,
    957,
    958,
    959,
    960,
    961,
    962,
    963,
    965,
    966,
    967,
    968,
    969,
    970,
    971,
    973,
    974,
    975,
    976,
    977,
    978,
    979,
    980,
    981,
    982,
    983,
    984,
    985,
    988,
    989,
    991,
    992,
    993,
    994,
    995,
    996,
    997,
    998,
    999,
    1002,
    1004,
    1005,
    1006,
    1008,
    1009,
    1010,
    1011,
    1012,
    1013,
    1014,
    1015,
    1016,
    1017,
    1018,
    1019,
    1020,
    1021,
    1022,
    1024,
    1025,
    1027,
    1028,
    1029,
    1030,
    1031,
    1033,
    1035,
    1036,
    1039,
    1040,
    1041,
    1043,
    1044,
    1045,
    1046,
    1047,
    1048,
    1049,
    1050,
    1051,
    1052,
    1054,
    1055,
    1056,
    1057,
    1058,
    1059,
    1061,
    1062,
    1064,
    1065,
    1066,
    1067,
    1068,
    1069,
    1070,
    1071,
    1072,
    1074,
    1076,
    1078,
    1079,
    1080,
    1082,
