{
  "n_total": 1100,
  "n_token_misaligned": 174,
  "token_misaligned_indices": [
    5,
    8,
    24,
    31,
    33,
    37,
    43,
    44,
    50,
    52,
    53,
    60,
    62,
    76,
    84,
    85,
    90,
    91,
    104,
    108,
    130,
    135,
    140,
    144,
    151,
    153,
    156,
    157,
    158,
    161,
    166,
    167,
    171,
    173,
    174,
    177,
    183,
    188,
    202,
    203,
    204,
    206,
    213,
    223,
    226,
    240,
    241,
    258,
    267,
    273,
    276,
    278,
    279,
    281,
    291,
    310,
    319,
    325,
    332,
    333,
    336,
    338,
    356,
    363,
    366,
    377,
    378,
    380,
    389,
    393,
    398,
    400,
    406,
    412,
    413,
    428,
    433,
    467,
    485,
    488,
    496,
    500,
    520,
    527,
    530,
    531,
    536,
    540,
    544,
    545,
    547,
    551,
    556,
    559,
    562,
    571,
    572,
    574,
    589,
    591,
    598,
    619,
    629,
    639,
    658,
    667,
    671,
    676,
    685,
    697,
    699,
    710,
    713,
    717,
    723,
    726,
    728,
    729,
    732,
    735,
    744,
    746,
    758,
    766,
    771,
    778,
    786,
    792,
    800,
    807,
    810,
    813,
    814,
    815,
    819,
    825,
    837,
    843,
    854,
    856,
    857,
    860,
    861,
    863,
    865,
    880,
    885,
    890,
    892,
    902,
    905,
    914,
    916,
    928,
    952,
    955,
    957,
    974,
    977,
    980,
    982,
    986,
    989,
    1001,
    1025,
    1031,
    1032,
    1049,
    1056,
    1059,
    1062,
    1081,
    1088,
    1090
  ],
  "n_after_alignment_filter": 926,
  "clean_accuracy": 0.9470842332613391,
  "corrupted_accuracy": 0.8131749460043196,
  "both_correct_accuracy": 0.7645788336933045,
  "n_both_correct": 708,
  "both_correct_indices": [
    1,
    2,
    3,
    4,
    6,
    9,
    10,
    11,
    12,
    13,
    14,
    15,
    17,
    18,
    20,
    21,
    22,
    23,
    25,
    26,
    28,
    29,
    30,
    32,
    36,
    38,
    39,
    42,
    45,
    46,
    47,
    48,
    49,
    51,
    55,
    57,
    58,
    59,
    61,
    63,
    64,
    65,
    67,
    68,
    69,
    70,
    71,
    73,
    75,
    77,
    78,
    79,
    80,
    82,
    83,
    86,
    87,
    89,
    92,
    94,
    95,
    96,
    98,
    99,
    100,
    101,
    105,
    106,
    107,
    109,
    110,
    111,
    112,
    113,
    114,
    115,
    116,
    117,
    118,
    119,
    120,
    121,
    122,
    123,
    125,
    126,
    127,
    128,
    129,
    132,
    133,
    136,
    138,
    139,
    141,
    142,
    143,
    145,
    147,
    148,
    149,
    150,
    152,
    155,
    159,
    160,
    162,
    164,
    165,
    169,
    170,
    172,
    178,
    179,
    180,
    181,
    184,
    185,
    186,
    187,
    189,
    190,
    191,
    192,
    193,
    194,
    195,
    196,
    197,
    200,
    201,
    205,
    207,
    208,
    209,
    211,
    212,
    214,
    215,
    217,
    219,
    221,
    222,
    225,
    227,
    228,
    229,
    230,
    231,
    233,
    234,
    235,
    236,
    237,
    238,
    239,
    243,
    244,
    245,
    246,
    247,
    248,
    250,
    251,
    253,
    254,
    255,
    256,
    257,
    259,
    260,
    261,
    262,
    263,
    264,
    266,
    268,
    269,
    270,
    271,
    272,
    274,
    275,
    277,
    280,
    282,
    283,
    284,
    285,
    286,
    287,
    288,
    290,
    293,
    296,
    297,
    298,
    300,
    301,
    302,
    303,
    304,
    307,
    308,
    309,
    311,
    312,
    313,
    315,
    317,
    318,
    320,
    321,
    322,
    326,
    327,
    328,
    329,
    330,
    331,
    337,
    339,
    342,
    344,
    345,
    346,
    347,
    348,
    349,
    351,
    353,
    354,
    355,
    358,
    360,
    362,
    364,
    365,
    368,
    369,
    370,
    371,
    372,
    373,
    374,
    376,
    381,
    382,
    383,
    385,
    386,
    387,
    390,
    391,
    392,
    394,
    395,
    396,
    401,
    402,
    403,
    404,
    405,
    407,
    409,
    410,
    411,
    414,
    415,
    416,
    417,
    418,
    419,
    420,
    422,
    425,
    426,
    427,
    430,
    431,
    432,
    434,
    436,
    437,
    438,
    439,
    441,
    442,
    443,
    444,
    445,
    447,
    448,
    449,
    451,
    452,
    453,
    454,
    455,
    456,
    459,
    460,
    461,
    462,
    465,
    466,
    468,
    471,
    473,
    474,
    475,
    476,
    477,
    478,
    479,
    481,
    483,
    484,
    486,
    487,
    489,
    490,
    491,
    492,
    493,
    494,
    495,
    497,
    499,
    501,
    502,
    503,
    504,
    505,
    506,
    507,
    510,
    511,
    512,
    514,
    515,
    516,
    517,
    518,
    521,
    522,
    524,
    525,
    526,
    528,
    529,
    532,
    533,
    534,
    535,
    538,
    539,
    541,
    542,
    548,
    549,
    550,
    552,
    554,
    555,
    557,
    558,
    561,
    564,
    566,
    567,
    568,
    569,
    570,
    573,
    575,
    577,
    578,
    579,
    580,
    581,
    582,
    583,
    584,
    585,
    586,
    587,
    590,
    592,
    594,
    595,
    596,
    597,
    599,
    600,
    601,
    602,
    604,
    605,
    606,
    607,
    609,
    610,
    613,
    615,
    616,
    617,
    620,
    621,
    622,
    624,
    626,
    628,
    630,
    631,
    632,
    634,
    635,
    636,
    637,
    638,
    640,
    641,
    643,
    644,
    646,
    648,
    649,
    650,
    652,
    653,
    654,
    655,
    656,
    657,
    659,
    660,
    661,
    662,
    663,
    666,
    668,
    669,
    670,
    672,
    673,
    674,
    675,
    678,
    680,
    682,
    687,
    688,
    689,
    690,
    691,
    693,
    695,
    696,
    698,
    700,
    702,
    704,
    705,
    706,
    707,
    708,
    709,
    712,
    716,
    718,
    719,
    721,
    722,
    724,
    725,
    727,
    730,
    731,
    733,
    736,
    737,
    738,
    739,
    740,
    742,
    743,
    745,
    747,
    749,
    750,
    751,
    752,
    754,
    755,
    756,
    760,
    761,
    762,
    764,
    765,
    767,
    769,
    774,
    775,
    776,
    777,
    780,
    781,
    782,
    784,
    787,
    790,
    793,
    794,
    795,
    796,
    797,
    798,
    799,
    801,
    802,
    803,
    804,
    805,
    806,
    808,
    809,
    811,
    812,
    816,
    820,
    821,
    822,
    824,
    827,
    828,
    829,
    830,
    831,
    833,
    834,
    836,
    838,
    840,
    841,
    842,
    845,
    846,
    847,
    848,
    849,
    851,
    852,
    853,
    855,
    858,
    859,
    862,
    864,
    866,
    867,
    868,
    869,
    870,
    871,
    872,
    873,
    874,
    875,
    876,
    877,
    879,
    881,
    882,
    883,
    884,
    886,
    887,
    888,
    891,
    893,
    895,
    896,
    898,
    899,
    900,
    904,
    906,
    909,
    911,
    912,
    913,
    915,
    919,
    921,
    922,
    923,
    924,
    925,
    926,
    927,
    929,
    930,
    931,
    932,
    933,
    934,
    936,
    937,
    938,
    939,
    941,
    942,
    943,
    944,
    945,
    947,
    948,
    949,
    953,
    954,
    959,
    960,
    961,
    963,
    964,
    966,
    967,
    968,
    971,
    972,
    973,
    975,
    976,
    978,
    979,
    981,
    987,
    988,
    991,
    992,
    993,
    994,
    997,
    998,
    1000,
    1002,
    1003,
    1005,
    1006,
    1007,
    1008,
    1009,
    1010,
    1011,
    1013,
    1015,
    1016,
    1017,
    1018,
    1019,
    1022,
    1023,
    1027,
    1028,
    1029,
    1030,
    1033,
    1035,
    1037,
    1038,
    1039,
    1040,
    1041,
    1042,
    1043,
    1044,
    1045,
    1046,
    1047,
    1048,
    1051,
    1052,
    1055,
