{
  "n_total": 995,
  "n_token_misaligned": 89,
  "token_misaligned_indices": [
    31,
    36,
    53,
    68,
    69,
    71,
    72,
    76,
    122,
    133,
    167,
    168,
    172,
    185,
    190,
    193,
    196,
    200,
    202,
    259,
    317,
    319,
    324,
    327,
    356,
    371,
    375,
    377,
    392,
    399,
    406,
    418,
    427,
    445,
    455,
    468,
    488,
    491,
    507,
    515,
    528,
    534,
    535,
    539,
    540,
    559,
    576,
    581,
    590,
    596,
    600,
    601,
    609,
    613,
    622,
    635,
    646,
    650,
    651,
    667,
    668,
    685,
    692,
    697,
    699,
    708,
    726,
    731,
    739,
    742,
    745,
    750,
    752,
    800,
    802,
    817,
    828,
    850,
    852,
    859,
    884,
    906,
    928,
    937,
    942,
    960,
    963,
    969,
    989
  ],
  "n_after_alignment_filter": 906,
  "clean_accuracy": 0.6633554083885209,
  "corrupted_accuracy": 0.6777041942604857,
  "both_correct_accuracy": 0.3741721854304636,
  "n_both_correct": 339,
  "both_correct_indices": [
    0,
    1,
    8,
    9,
    10,
    12,
    14,
    16,
    22,
    33,
    37,
    42,
    43,
    46,
    47,
    48,
    49,
    55,
    57,
    58,
    59,
    61,
    62,
    63,
    64,
    65,
    66,
    73,
    75,
    79,
    80,
    85,
    87,
    88,
    92,
    98,
    100,
    101,
    109,
    116,
    117,
    119,
    121,
    124,
    129,
    132,
    137,
    145,
    148,
    149,
    151,
    153,
    156,
    157,
    160,
    161,
    166,
    174,
    176,
    178,
    180,
    182,
    183,
    187,
    191,
    195,
    198,
    203,
    213,
    218,
    221,
    223,
    227,
    228,
    230,
    234,
    235,
    236,
    238,
    239,
    241,
    245,
    247,
    248,
    251,
    253,
    257,
    263,
    271,
    275,
    277,
    280,
    284,
    285,
    291,
    292,
    294,
    300,
    302,
    303,
    306,
    309,
    314,
    325,
    329,
    331,
    335,
    336,
    345,
    351,
    352,
    353,
    360,
    361,
    365,
    366,
    368,
    369,
    379,
    380,
    383,
    386,
    388,
    389,
    393,
    401,
    409,
    411,
    413,
    415,
    417,
    420,
    432,
    433,
    437,
    438,
    441,
    444,
    447,
    451,
    452,
    456,
    458,
    459,
    462,
    470,
    472,
    475,
    476,
    477,
    478,
    479,
    485,
    492,
    494,
    495,
    496,
    498,
    500,
    501,
    502,
    504,
    505,
    509,
    511,
    512,
    518,
    519,
    522,
    524,
    525,
    531,
    533,
    544,
    545,
    546,
    550,
    551,
    552,
    553,
    554,
    558,
    564,
    566,
    567,
    569,
    577,
    580,
    583,
    586,
    594,
    595,
    597,
    598,
    603,
    610,
    614,
    615,
    616,
    620,
    621,
    624,
    626,
    627,
    629,
    634,
    637,
    639,
    640,
    642,
    643,
    644,
    645,
    647,
    655,
    656,
    665,
    666,
    670,
    672,
    674,
    675,
    676,
    679,
    682,
    684,
    686,
    691,
    693,
    694,
    701,
    704,
    705,
    706,
    709,
    710,
    717,
    722,
    725,
    728,
    732,
    733,
    740,
    741,
    743,
    747,
    748,
    751,
    753,
    755,
    759,
    763,
    764,
    765,
    766,
    767,
    769,
    770,
    771,
    775,
    777,
    781,
    782,
    783,
    786,
    787,
    788,
    790,
    793,
    794,
    795,
    797,
    798,
    801,
    806,
    807,
    808,
    809,
    813,
    814,
    815,
    822,
    824,
    831,
    833,
    834,
    840,
    842,
    847,
    848,
    849,
    854,
    857,
    858,
    860,
    861,
    863,
    864,
    865,
    866,
    869,
    871,
    873,
    874,
    879,
    880,
    882,
    889,
    891,
    892,
    893,
    895,
    900,
    901,
    911,
    913,
    921,
    925,
    929,
    936,
    941,
    947,
    949,
    951,
    953,
    954,
    959,
    961,
    967,
    972,
    973,
    975,
    977,
    982,
    983,
    984,
    986,
    987,
    991
  ],