{
  "n_total": 1000,
  "n_token_misaligned": 112,
  "token_misaligned_indices": [
    2,
    3,
    24,
    25,
    46,
    57,
    61,
    62,
    71,
    76,
    83,
    95,
    101,
    111,
    128,
    129,
    130,
    137,
    147,
    154,
    173,
    180,
    184,
    190,
    196,
    222,
    223,
    228,
    240,
    242,
    244,
    254,
    267,
    269,
    270,
    276,
    282,
    295,
    311,
    318,
    333,
    339,
    345,
    353,
    355,
    356,
    363,
    376,
    388,
    394,
    406,
    412,
    424,
    453,
    457,
    466,
    473,
    474,
    484,
    494,
    499,
    504,
    505,
    511,
    521,
    530,
    545,
    548,
    550,
    555,
    560,
    565,
    570,
    613,
    617,
    624,
    675,
    677,
    694,
    700,
    721,
    725,
    733,
    740,
    755,
    771,
    776,
    790,
    801,
    808,
    822,
    839,
    847,
    849,
    854,
    867,
    876,
    888,
    889,
    890,
    895,
    902,
    912,
    924,
    932,
    935,
    940,
    966,
    976,
    980,
    995,
    996
  ],
  "n_after_alignment_filter": 888,
  "clean_accuracy": 0.9301801801801802,
  "corrupted_accuracy": 0.9358108108108109,
  "both_correct_accuracy": 0.865990990990991,
  "n_both_correct": 769,
  "both_correct_indices": [
    0,
    1,
    4,
    5,
    6,
    8,
    9,
    12,
    13,
    14,
    15,
    16,
    17,
    18,
    19,
    20,
    23,
    26,
    27,
    28,
    29,
    30,
    31,
    32,
    33,
    34,
    35,
    36,
    37,
    39,
    40,
    41,
    42,
    43,
    44,
    45,
    47,
    48,
    49,
    50,
    51,
    52,
    53,
    55,
    56,
    59,
    60,
    63,
    64,
    65,
    66,
    67,
    68,
    70,
    72,
    73,
    74,
    78,
    79,
    80,
    82,
    84,
    85,
    86,
    87,
    88,
    89,
    90,
    91,
    92,
    94,
    97,
    98,
    99,
    100,
    102,
    103,
    104,
    105,
    106,
    107,
    108,
    109,
    110,
    112,
    113,
    114,
    115,
    116,
    117,
    118,
    119,
    120,
    121,
    122,
    123,
    124,
    125,
    127,
    131,
    134,
    136,
    138,
    139,
    140,
    141,
    142,
    143,
    144,
    145,
    146,
    148,
    150,
    151,
    152,
    153,
    155,
    156,
    159,
    160,
    161,
    164,
    165,
    166,
    167,
    168,
    169,
    170,
    171,
    172,
    174,
    175,
    176,
    177,
    178,
    179,
    182,
    183,
    185,
    186,
    187,
    188,
    189,
    192,
    193,
    194,
    195,
    197,
    198,
    199,
    200,
    202,
    203,
    204,
    206,
    207,
    208,
    209,
    210,
    211,
    212,
    213,
    215,
    216,
    217,
    218,
    219,
    220,
    221,
    224,
    225,
    226,
    227,
    229,
    230,
    231,
    232,
    233,
    234,
    235,
    236,
    237,
    239,
    241,
    243,
    245,
    246,
    248,
    249,
    250,
    251,
    252,
    253,
    255,
    257,
    258,
    259,
    260,
    261,
    262,
    263,
    264,
    265,
    268,
    271,
    272,
    273,
    274,
    275,
    277,
    278,
    279,
    280,
    281,
    283,
    284,
    285,
    286,
    287,
    288,
    289,
    291,
    292,
    293,
    298,
    299,
    300,
    301,
    302,
    303,
    304,
    305,
    306,
    307,
    308,
    309,
    310,
    312,
    313,
    315,
    316,
    317,
    319,
    320,
    321,
    322,
    323,
    324,
    327,
    328,
    329,
    330,
    331,
    332,
    334,
    337,
    338,
    340,
    341,
    342,
    343,
    344,
    346,
    347,
    348,
    349,
    352,
    354,
    357,
    359,
    360,
    361,
    362,
    364,
    365,
    366,
    367,
    369,
    370,
    371,
    372,
    374,
    375,
    377,
    378,
    379,
    381,
    382,
    383,
    384,
    385,
    386,
    387,
    389,
    390,
    391,
    392,
    393,
    395,
    396,
    397,
    398,
    399,
    400,
    401,
    402,
    403,
    404,
    405,
    407,
    408,
    409,
    410,
    411,
    413,
    414,
    415,
    417,
    418,
    419,
    420,
    422,
    423,
    425,
    426,
    427,
    428,
    430,
    431,
    432,
    433,
    434,
    435,
    436,
    437,
    438,
    439,
    440,
    441,
    442,
    443,
    444,
    446,
    447,
    448,
    449,
    450,
    451,
    452,
    455,
    456,
    458,
    459,
    462,
    463,
    464,
    465,
    467,
    468,
    469,
    471,
    475,
    476,
    477,
    478,
    479,
    480,
    481,
    482,
    483,
    485,
    486,
    487,
    488,
    489,
    491,
    492,
    493,
    495,
    496,
    498,
    500,
    501,
    502,
    503,
    506,
    507,
    508,
    509,
    512,
    513,
    514,
    515,
    517,
    518,
    519,
    520,
    522,
    523,
    524,
    525,
    526,
    527,
    528,
    529,
    531,
    532,
    533,
    534,
    536,
    537,
    538,
    539,
    540,
    541,
    542,
    543,
    544,
    546,
    547,
    549,
    551,
    552,
    553,
    554,
    556,
    557,
    558,
    559,
    562,
    563,
    564,
    566,
    567,
    568,
    569,
    571,
    572,
    573,
    574,
    575,
    576,
    577,
    578,
    580,
    581,
    582,
    583,
    584,
    585,
    586,
    587,
    588,
    589,
    590,
    591,
    593,
    595,
    596,
    597,
    598,
    599,
    600,
    601,
    602,
    603,
    604,
    605,
    606,
    607,
    608,
    609,
    610,
    611,
    612,
    614,
    615,
    616,
    618,
    619,
    620,
    621,
    623,
    625,
    626,
    628,
    629,
    630,
    633,
    635,
    636,
    637,
    639,
    640,
    641,
    642,
    645,
    646,
    647,
    648,
    649,
    650,
    651,
    652,
    653,
    654,
    655,
    656,
    658,
    659,
    660,
    661,
    662,
    663,
    664,
    665,
    666,
    667,
    668,
    669,
    670,
    671,
    672,
    673,
    674,
    676,
    678,
    679,
    680,
    683,
    684,
    685,
    686,
    687,
    688,
    689,
    692,
    693,
    695,
    696,
    697,
    698,
    699,
    701,
    703,
    704,
    705,
    706,
    707,
    708,
    709,
    710,
    711,
    712,
    713,
    714,
    715,
    716,
    718,
    720,
    722,
    723,
    724,
    726,
    727,
    729,
    730,
    731,
    732,
    734,
    735,
    736,
    737,
    738,
    739,
    741,
    742,
    743,
    744,
    745,
    746,
    747,
    748,
    749,
    750,
    751,
    752,
    754,
    756,
    757,
    758,
    759,
    760,
    761,
    762,
    764,
    765,
    766,
    767,
    768,
    769,
    770,
    772,
    773,
    774,
    777,
    778,
    779,
    780,
    781,
    783,
    784,
    785,
    786,
    787,
    789,
    791,
    793,
    794,
    797,
    798,
    799,
    802,
    803,
    805,
    806,
    807,
    809,
    810,
    811,
    812,
    813,
    814,
    815,
    816,
    817,
    818,
    820,
    821,
    823,
    824,
    825,
    826,
    827,
    828,
    829,
    830,
    831,
    832,
    833,
    834,
    835,
    837,
    838,
    840,
    841,
    842,
    844,
    845,
    846,
    848,
    850,
    851,
    853,
    855,
    856,
    857,
    858,
    859,
    860,
    862,
    863,
    864,
    865,
    868,
    869,
    870,
    871,
    872,
    873,
    874,
    875,
    878,
    879,
    880,
    881,
    882,
    883,
    884,
    886,
    887,
    891,
    892,
    893,
    898,
    899,
    900,
    901,
    903,
    904,
    905,
    906,
    907,
    908,
    909,
    910,
    911,
    913,
    915,
    916,
    917,
    918,
    920,
    922,
    923,
    925,
    926,
    927,
    928,
    929,
    931,
    933,
    934,
    936,
    937,
    938,
    939,
    941,
    943,
    944,
    945,
    948,
    949,
    950,
    951,
    953,
    954,
    955,
    956,
    957,
    959,
    960,
    962,
    964,
    965,
    967,
    968,
    970,
    971,
    972,
    973,
    974,
    975,
