{
  "n_total": 1000,
  "n_token_misaligned": 8,
  "token_misaligned_indices": [
    107,
    159,
    403,
    533,
    577,
    655,
    691,
    887
  ],
  "n_after_alignment_filter": 992,
  "clean_accuracy": 0.5977822580645161,
  "corrupted_accuracy": 0.6512096774193549,
  "both_correct_accuracy": 0.2691532258064516,
  "n_both_correct": 267,
  "both_correct_indices": [
    0,
    6,
    11,
    12,
    16,
    20,
    22,
    26,
    28,
    34,
    38,
    39,
    40,
    46,
    50,
    54,
    56,
    58,
    62,
    68,
    70,
    81,
    82,
    84,
    88,
    90,
    92,
    95,
    96,
    102,
    104,
    108,
    112,
    114,
    120,
    122,
    128,
    132,
    134,
    136,
    138,
    142,
    144,
    152,
    154,
    162,
    164,
    166,
    168,
    171,
    174,
    179,
    182,
    184,
    188,
    190,
    195,
    198,
    202,
    204,
    207,
    208,
    214,
    218,
    220,
    224,
    226,
    235,
    238,
    240,
    242,
    247,
    256,
    258,
    263,
    264,
    268,
    269,
    270,
    274,
    276,
    277,
    282,
    285,
    287,
    304,
    310,
    312,
    314,
    324,
    327,
    332,
    333,
    334,
    337,
    339,
    340,
    342,
    348,
    350,
    352,
    356,
    359,
    360,
    362,
    364,
    372,
    374,
    378,
    382,
    384,
    385,
    386,
    388,
    396,
    404,
    408,
    412,
    424,
    426,
    427,
    433,
    436,
    440,
    442,
    450,
    454,
    463,
    466,
    468,
    470,
    476,
    477,
    478,
    483,
    499,
    509,
    510,
    514,
    520,
    522,
    526,
    538,
    540,
    546,
    551,
    554,
    556,
    560,
    566,
    568,
    570,
    576,
    578,
    579,
    584,
    587,
    588,
    590,
    594,
    598,
    599,
    604,
    607,
    612,
    616,
    624,
    626,
    636,
    642,
    643,
    646,
    654,
    656,
    662,
    663,
    668,
    670,
    678,
    680,
    682,
    683,
    684,
    686,
    692,
    694,
    699,
    700,
    706,
    712,
    715,
    716,
    718,
    727,
    730,
    732,
    739,
    740,
    752,
    754,
    763,
    764,
    767,
    768,
    770,
    775,
    777,
    778,
    782,
    792,
    793,
    800,
    803,
    807,
    809,
    810,
    814,
    818,
    820,
    822,
    824,
    835,
    838,
    842,
    846,
    848,
    850,
    851,
    858,
    866,
    867,
    880,
    882,
    892,
    894,
    898,
    899,
    902,
    908,
    911,
    914,
    916,
    920,
    922,
    924,
    926,
    927,
    934,
    936,
    938,
    944,
    946,
    948,
    950,
    952,
    956,
    958,
    959,
    960,
    962,
    968,
    974,
    975,
    976,
    982,
    983,
    996
  ],
  "not_both_correct_indices": [
    1,
    2,
    3,
    4,
    5,
    7,
    8,
    9,
    10,
    13,
    14,
    15,
    17,
    18,
    19,
    21,
    23,
    24,
    25,
    27,
    29,
    30,
    31,
    32,
    33,
    35,
    36,
    37,
    41,
    42,
    43,
    44,
    45,
    47,
    48,
    49,
    51,
    52,
    53,
    55,
    57,
    59,
    60,
    61,
    63,
    64,
    65,
    66,
    67,
    69,
    71,
    72,
    73,
    74,
    75,
    76,
    77,
    78,
    79,
    80,
    83,
    85,
    86,
    87,
    89,
    91,
    93,
    94,
    97,
    98,
    99,
    100,
    101,
    103,
    105,
    106,
    109,
    110,
    111,
    113,
    115,
    116,
    117,
    118,
    119,
    121,
    123,
    124,
    125,
    126,
    127,
    129,
    130,
    131,
    133,
    135,
    137,
    139,
    140,
    141,
    143,
    145,
    146,
    147,
    148,
    149,
    150,
    151,
    153,
    155,
    156,
    157,
    158,
    160,
    161,
    163,
    165,
    167,
    169,
    170,
    172,
    173,
    175,
    176,
    177,
    178,
    180,
    181,
    183,
    185,
    186,
    187,
    189,
    191,
    192,
    193,
    194,
    196,
    197,
    199,
    200,
    201,
    203,
    205,
    206,
    209,
    210,
    211,
    212,
    213,
    215,
    216,
    217,
    219,
    221,
    222,
    223,
    225,
    227,
    228,
    229,
    230,
    231,
    232,
    233,
    234,
    236,
    237,
    239,
    241,
    243,
    244,
    245,
    246,
    248,
    249,
    250,
    251,
    252,
    253,
    254,
    255,
    257,
    259,
    260,
    261,
    262,
    265,
    266,
    267,
    271,
    272,
    273,
    275,
    278,
    279,
    280,
    281,
    283,
    284,
    286,
    288,
    289,
    290,
    291,
    292,
    293,
    294,
    295,
    296,
    297,
    298,
    299,
    300,
    301,
    302,
    303,
    305,
    306,
    307,
    308,
    309,
    311,
    313,
    315,
    316,
    317,
    318,
    319,
    320,
    321,
    322,
    323,
    325,
    326,
    328,
    329,
    330,
    331,
    335,
    336,
    338,
    341,
    343,
    344,
    345,
    346,
    347,
    349,
    351,
    353,
    354,
    355,
    357,
    358,
    361,
    363,
    365,
    366,
    367,
    368,
    369,
    370,
    371,
    373,
    375,
    376,
    377,
    379,
    380,
    381,
    383,
    387,
    389,
    390,
    391,
    392,
    393,
    394,
    395,
    397,
    398,
    399,
    400,
    401,
    402,
    405,
    406,
    407,
    409,
    410,
    411,
    413,
    414,
    415,
    416,
    417,
    418,
    419,
    420,
    421,
    422,
    423,
    425,
    428,
    429,
    430,
    431,
    432,
    434,
    435,
    437,
    438,
    439,
    441,
    443,
    444,
    445,
    446,
    447,
    448,
    449,
    451,
    452,
    453,
    455,
    456,
    457,
    458,
    459,
    460,
    461,
    462,
    464,
    465,
    467,
    469,
    471,
    472,
    473,
    474,
    475,
    479,
    480,
    481,
    482,
    484,
    485,
    486,
    487,
    488,
    489,
    490,
    491,
    492,
    493,
    494,
    495,
    496,
    497,
    498,
    500,
    501,
    502,
    503,
    504,
    505,
    506,
    507,
    508,
    511,
    512,
    513,
    515,
    516,
    517,
    518,
    519,
    521,
    523,
    524,
    525,
    527,
    528,
    529,
    530,
    531,
    532,
    534,
    535,
    536,
    537,
    539,
    541,
    542,
    543,
    544,
    545,
    547,
    548,
    549,
    550,
    552,
    553,
    555,
    557,
    558,
    559,
    561,
    562,
    563,
    564,
    565,
    567,
    569,
    571,
    572,
    573,
    574,
    575,
    580,
    581,
    582,
    583,
    585,
    586,
    589,
    591,
    592,
    593,
    595,
    596,
    597,
    600,
    601,
    602,
    603,
    605,
    606,
    608,
    609,
    610,
    611,
    613,
    614,
    615,
    617,
    618,
    619,
    620,
    621,
    622,
    623,
    625,
    627,
    628,
    629,
    630,
    631,
    632,
    633,
    634,
    635,
    637,
    638,
    639,
    640,
    641,
    644,
    645,
    647,
    648,
    649,
    650,
    651,
    652,
    653,
    657,
    658,
    659,
    660,
    661,
    664,
    665,
    666,
    667,
    669,
    671,
    672,
    673,
    674,
    675,
    676,
    677,
    679,
    681,
    685,
    687,
    688,
    689,
    690,
    693,
    695,
    696,
    697,
    698,
    701,
    702,
    703,
    704,
    705,
    707,
    708,
    709,
    710,
    711,
    713,
    714,
    717,
    719,
    720,
    721,
    722,
    723,
    724,
    725,
    726,
    728,
    729,
    731,
    733,
    734,
    735,
    736,
    737,
    738,
    741,
    742,
    743,
    744,
    745,
    746,
    747,
    748,
    749,
    750,
    751,
    753,
    755,
    756,
    757,
    758,
    759,
    760,
    761,
    762,
    765,
    766,
    769,
    771,
    772,
    773,
    774,
    776,
    779,
    780,
    781,
    783,
    784,
    785,
    786,
    787,
    788,
    789,
    790,
    791,
    794,
    795,
    796,
    797,
    798,
    799,
    801,
    802,
    804,
    805,
    806,
    808,
