{
  "n_total": 995,
  "n_token_misaligned": 89,
  "token_misaligned_indices": [
    31,
    36,
    53,
    68,
    69,
    71,
    72,
    76,
    122,
    133,
    167,
    168,
    172,
    185,
    190,
    193,
    196,
    200,
    202,
    259,
    317,
    319,
    324,
    327,
    356,
    371,
    375,
    377,
    392,
    399,
    406,
    418,
    427,
    445,
    455,
    468,
    488,
    491,
    507,
    515,
    528,
    534,
    535,
    539,
    540,
    559,
    576,
    581,
    590,
    596,
    600,
    601,
    609,
    613,
    622,
    635,
    646,
    650,
    651,
    667,
    668,
    685,
    692,
    697,
    699,
    708,
    726,
    731,
    739,
    742,
    745,
    750,
    752,
    800,
    802,
    817,
    828,
    850,
    852,
    859,
    884,
    906,
    928,
    937,
    942,
    960,
    963,
    969,
    989
  ],
  "n_after_alignment_filter": 906,
  "clean_accuracy": 0.7947019867549668,
  "corrupted_accuracy": 0.7991169977924945,
  "both_correct_accuracy": 0.6136865342163356,
  "n_both_correct": 556,
  "both_correct_indices": [
    0,
    1,
    5,
    6,
    8,
    9,
    10,
    12,
    14,
    16,
    17,
    19,
    22,
    24,
    27,
    29,
    32,
    34,
    39,
    40,
    41,
    42,
    43,
    44,
    47,
    48,
    49,
    52,
    54,
    55,
    56,
    57,
    58,
    61,
    62,
    63,
    64,
    65,
    66,
    67,
    73,
    74,
    75,
    77,
    78,
    79,
    80,
    81,
    85,
    87,
    89,
    90,
    92,
    93,
    98,
    100,
    101,
    103,
    107,
    109,
    112,
    113,
    114,
    115,
    116,
    117,
    119,
    121,
    124,
    125,
    127,
    129,
    130,
    132,
    135,
    137,
    139,
    141,
    142,
    145,
    147,
    150,
    151,
    152,
    156,
    157,
    158,
    160,
    161,
    162,
    164,
    165,
    173,
    174,
    175,
    176,
    180,
    182,
    183,
    184,
    186,
    191,
    194,
    195,
    198,
    201,
    208,
    211,
    212,
    213,
    215,
    216,
    218,
    221,
    222,
    223,
    225,
    227,
    228,
    230,
    231,
    232,
    234,
    236,
    237,
    238,
    239,
    240,
    243,
    244,
    245,
    247,
    248,
    249,
    250,
    251,
    252,
    253,
    260,
    261,
    262,
    263,
    264,
    265,
    267,
    268,
    269,
    270,
    274,
    275,
    277,
    278,
    279,
    281,
    283,
    284,
    285,
    286,
    287,
    291,
    292,
    294,
    297,
    300,
    301,
    302,
    303,
    306,
    309,
    311,
    312,
    313,
    315,
    316,
    318,
    321,
    322,
    323,
    325,
    326,
    328,
    329,
    330,
    331,
    332,
    334,
    335,
    336,
    339,
    340,
    342,
    343,
    348,
    350,
    352,
    353,
    355,
    357,
    359,
    360,
    361,
    362,
    363,
    366,
    367,
    368,
    369,
    373,
    374,
    378,
    380,
    382,
    383,
    385,
    387,
    388,
    389,
    390,
    391,
    393,
    395,
    397,
    400,
    401,
    403,
    404,
    405,
    408,
    409,
    410,
    411,
    412,
    413,
    415,
    417,
    420,
    423,
    425,
    429,
    430,
    431,
    432,
    433,
    437,
    439,
    440,
    441,
    442,
    444,
    447,
    448,
    450,
    451,
    452,
    458,
    460,
    461,
    462,
    463,
    464,
    465,
    466,
    469,
    470,
    472,
    476,
    477,
    478,
    479,
    480,
    482,
    485,
    487,
    490,
    492,
    494,
    495,
    496,
    498,
    499,
    500,
    501,
    502,
    503,
    504,
    505,
    506,
    509,
    510,
    511,
    512,
    513,
    516,
    518,
    519,
    520,
    522,
    524,
    525,
    526,
    527,
    531,
    532,
    533,
    537,
    543,
    545,
    546,
    550,
    551,
    552,
    553,
    554,
    556,
    557,
    558,
    560,
    561,
    562,
    565,
    566,
    567,
    568,
    571,
    572,
    573,
    580,
    584,
    585,
    586,
    588,
    594,
    595,
    597,
    598,
    599,
    602,
    603,
    610,
    612,
    614,
    616,
    617,
    619,
    620,
    623,
    626,
    627,
    629,
    630,
    632,
    633,
    634,
    637,
    638,
    643,
    644,
    645,
    647,
    652,
    655,
    656,
    659,
    660,
    661,
    662,
    663,
    665,
    666,
    669,
    670,
    672,
    673,
    674,
    675,
    676,
    678,
    679,
    681,
    682,
    683,
    684,
    689,
    690,
    691,
    693,
    695,
    696,
    698,
    700,
    701,
    702,
    703,
    704,
    706,
    709,
    711,
    712,
    713,
    718,
    719,
    720,
    722,
    725,
    728,
    732,
    736,
    737,
    740,
    741,
    743,
    744,
    746,
    747,
    748,
    751,
    753,
    754,
    755,
    756,
    757,
    759,
    760,
    762,
    763,
    764,
    765,
    766,
    767,
    768,
    769,
    770,
    771,
    773,
    775,
    777,
    778,
    779,
    781,
    782,
    783,
    785,
    788,
    790,
    793,
    794,
    795,
    798,
    801,
    804,
    806,
    807,
    808,
    809,
    810,
    811,
    813,
    814,
    815,
    816,
    819,
    820,
    822,
    823,
    824,
    827,
    829,
    831,
    833,
    834,
    836,
    840,
    842,
    844,
    848,
    849,
    854,
    857,
    858,
    860,
    861,
    863,
    864,
    866,
    871,
    872,
    873,
    874,
    876,
    879,
    880,
    881,
    886,
    887,
    889,
    891,
    893,
    895,
    896,
    898,
    899,
    900,
    901,
    907,
    910,
    911,
    912,
    913,
    915,
    918,
    919,
    921,
    922,
    923,
    924,
    925,
    927,
    929,
    931,
    932,
    934,
    935,
    936,
    938,
    939,
    941,
    945,
    947,
    949,
    951,
    952,
    953,
    954,
    957,
    959,
    961,
    964,
    966,
    967,
    971,
    972,
    973,
    975,
    976,
    977,
    978,
    979,
    982,
    983,
    984,
    985,
    986,
    987,
    988,
    990,
    994
  ],