{
  "n_total": 1200,
  "n_token_misaligned": 0,
  "token_misaligned_indices": [],
  "n_after_alignment_filter": 1200,
  "clean_accuracy": 0.9133333333333333,
  "corrupted_accuracy": 0.915,
  "both_correct_accuracy": 0.8333333333333334,
  "n_both_correct": 1000,
  "both_correct_indices": [
    1,
    2,
    3,
    4,
    6,
    7,
    8,
    9,
    11,
    14,
    15,
    16,
    17,
    18,
    20,
    21,
    22,
    23,
    25,
    27,
    28,
    29,
    30,
    31,
    33,
    35,
    36,
    38,
    39,
    41,
    42,
    45,
    46,
    47,
    48,
    49,
    50,
    53,
    55,
    57,
    58,
    59,
    60,
    61,
    63,
    64,
    65,
    66,
    67,
    69,
    70,
    71,
    72,
    73,
    74,
    75,
    77,
    78,
    79,
    81,
    82,
    83,
    85,
    86,
    87,
    88,
    89,
    90,
    91,
    93,
    94,
    95,
    96,
    98,
    99,
    100,
    101,
    102,
    104,
    106,
    107,
    108,
    109,
    110,
    111,
    113,
    114,
    115,
    116,
    117,
    119,
    120,
    122,
    125,
    126,
    127,
    128,
    129,
    130,
    132,
    137,
    138,
    139,
    140,
    141,
    143,
    144,
    145,
    146,
    147,
    148,
    149,
    150,
    152,
    153,
    154,
    155,
    156,
    157,
    158,
    161,
    163,
    164,
    166,
    167,
    168,
    169,
    170,
    171,
    172,
    173,
    174,
    175,
    178,
    179,
    181,
    183,
    184,
    186,
    187,
    188,
    189,
    190,
    191,
    192,
    193,
    194,
    195,
    196,
    200,
    201,
    203,
    205,
    206,
    207,
    208,
    209,
    210,
    211,
    212,
    213,
    214,
    215,
    216,
    217,
    218,
    219,
    220,
    221,
    222,
    225,
    226,
    227,
    229,
    231,
    233,
    234,
    235,
    236,
    238,
    239,
    240,
    242,
    245,
    246,
    247,
    249,
    250,
    251,
    252,
    253,
    254,
    256,
    258,
    259,
    260,
    262,
    263,
    264,
    265,
    266,
    268,
    269,
    270,
    271,
    272,
    273,
    275,
    277,
    279,
    280,
    281,
    285,
    286,
    287,
    288,
    289,
    290,
    291,
    292,
    293,
    294,
    295,
    296,
    297,
    298,
    299,
    301,
    303,
    304,
    305,
    306,
    307,
    308,
    309,
    310,
    311,
    312,
    313,
    314,
    316,
    317,
    318,
    319,
    320,
    321,
    322,
    323,
    324,
    325,
    326,
    327,
    328,
    329,
    330,
    331,
    332,
    333,
    334,
    335,
    336,
    337,
    339,
    340,
    341,
    342,
    343,
    344,
    345,
    346,
    347,
    349,
    354,
    355,
    356,
    357,
    358,
    360,
    361,
    362,
    363,
    364,
    365,
    366,
    367,
    368,
    370,
    371,
    372,
    374,
    375,
    376,
    377,
    378,
    379,
    381,
    383,
    384,
    385,
    387,
    388,
    389,
    391,
    393,
    394,
    395,
    396,
    397,
    398,
    399,
    401,
    404,
    406,
    407,
    408,
    409,
    411,
    412,
    415,
    416,
    418,
    419,
    420,
    422,
    423,
    424,
    425,
    426,
    427,
    428,
    429,
    431,
    432,
    435,
    436,
    439,
    440,
    442,
    443,
    444,
    445,
    446,
    447,
    449,
    450,
    451,
    452,
    453,
    454,
    456,
    457,
    458,
    459,
    460,
    461,
    465,
    466,
    467,
    469,
    470,
    471,
    474,
    476,
    477,
    478,
    479,
    480,
    482,
    484,
    485,
    487,
    488,
    489,
    490,
    492,
    494,
    495,
    498,
    499,
    500,
    502,
    503,
    505,
    508,
    509,
    510,
    511,
    513,
    514,
    515,
    516,
    518,
    520,
    521,
    522,
    523,
    525,
    526,
    527,
    528,
    529,
    530,
    533,
    535,
    536,
    537,
    538,
    543,
    544,
    546,
    548,
    550,
    551,
    552,
    554,
    555,
    556,
    557,
    558,
    561,
    562,
    563,
    567,
    568,
    569,
    572,
    575,
    576,
    577,
    579,
    581,
    582,
    583,
    584,
    585,
    588,
    589,
    591,
    593,
    594,
    595,
    599,
    600,
    601,
    602,
    603,
    604,
    605,
    606,
    607,
    608,
    609,
    610,
    611,
    612,
    613,
    614,
    615,
    616,
    617,
    618,
    619,
    620,
    621,
    622,
    623,
    624,
    625,
    626,
    627,
    628,
    629,
    630,
    631,
    632,
    633,
    634,
    635,
    636,
    637,
    638,
    639,
    640,
    641,
    642,
    643,
    644,
    645,
    646,
    647,
    648,
    649,
    650,
    651,
    652,
    653,
    654,
    655,
    656,
    657,
    658,
    659,
    660,
    661,
    662,
    663,
    664,
    665,
    666,
    667,
    668,
    669,
    670,
    671,
    672,
    673,
    674,
    675,
    676,
    677,
    678,
    679,
    680,
    681,
    682,
    683,
    684,
    685,
    686,
    687,
    688,
    689,
    690,
    691,
    692,
    693,
    694,
    695,
    696,
    697,
    698,
    699,
    700,
    701,
    702,
    703,
    704,
    705,
    706,
    707,
    708,
    709,
    710,
    711,
    712,
    713,
    714,
    715,
    716,
    717,
    718,
    719,
    720,
    721,
    722,
    723,
    724,
    725,
    726,
    727,
    728,
    729,
    730,
    731,
    732,
    733,
    734,
    735,
    736,
    737,
    738,
    739,
    740,
    741,
    742,
    743,
    744,
    745,
    746,
    747,
    748,
    749,
    750,
    751,
    752,
    753,
    754,
    755,
    756,
    757,
    758,
    759,
    760,
    761,
    762,
    763,
    764,
    765,
    766,
    767,
    768,
    769,
    770,
    771,
    772,
    773,
    774,
    775,
    776,
    777,
    778,
    779,
    780,
    781,
    782,
    783,
    784,
    785,
    786,
    787,
    788,
    789,
    790,
    791,
    792,
    793,
    794,
    795,
    796,
    797,
    798,
    799,
    800,
    802,
    803,
    804,
    805,
    806,
    807,
    808,
    809,
    810,
    811,
    812,
    813,
    814,
    816,
    817,
    818,
    819,
    820,
    821,
    823,
    825,
    826,
    827,
    828,
    829,
    830,
    831,
    832,
    834,
    835,
    836,
    838,
    839,
    840,
    841,
    842,
    843,
    844,
    845,
    846,
    848,
    849,
    850,
    851,
    852,
    853,
    854,
    855,
    857,
    858,
    859,
    860,
    861,
    862,
    863,
    864,
    865,
    866,
    868,
    869,
    870,
    871,
    872,
    874,
    875,
    877,
    878,
    879,
    880,
    882,
    883,
    884,
    885,
    886,
    887,
    888,
    890,
    891,
    893,
    894,
    895,
    896,
    897,
    898,
    899,
    900,
    901,
    902,
    903,
    905,
    906,
    907,
    908,
    909,
    910,
    911,
    912,
    913,
    914,
    915,
    916,
    918,
    919,
    920,
    921,
    922,
    923,
    925,
    926,
    927,
    928,
    929,
    930,
    931,
    932,
    933,
    934,
    936,
    937,
    938,
    940,
    941,
    942,
    943,
    944,
    945,
    946,
    947,
    948,
    949,
    950,
    951,
    952,
    953,
    954,
    955,
    956,
    957,
    958,
    960,
    961,
    962,
    963,
    964,
    965,
    967,
    968,
    969,
    970,
    971,
    974,
    975,
    976,
    977,
    978,
    979,
    980,
    982,
    983,
    984,
    985,
    986,
    987,
    988,
    989,
    991,
    992,
    993,
    994,
    995,
    996,
    997,
    998,
    999,
    1000,
    1001,
    1002,
    1003,
    1004,
    1005,
    1006,
    1007,
    1008,
    1010,
    1011,
    1012,
    1013,
    1014,
    1015,
    1016,
    1017,
    1018,
    1019,
    1020,
    1021,
    1022,
    1023,
    1024,
    1025,
    1026,
    1027,
    1028,
    1029,
    1030,
    1031,
    1032,
    1033,
    1034,
    1035,
    1036,
    1037,
    1038,
    1041,
    1042,
    1043,
    1044,
    1045,
    1046,
