{
  "n_total": 995,
  "n_token_misaligned": 89,
  "token_misaligned_indices": [
    31,
    36,
    53,
    68,
    69,
    71,
    72,
    76,
    122,
    133,
    167,
    168,
    172,
    185,
    190,
    193,
    196,
    200,
    202,
    259,
    317,
    319,
    324,
    327,
    356,
    371,
    375,
    377,
    392,
    399,
    406,
    418,
    427,
    445,
    455,
    468,
    488,
    491,
    507,
    515,
    528,
    534,
    535,
    539,
    540,
    559,
    576,
    581,
    590,
    596,
    600,
    601,
    609,
    613,
    622,
    635,
    646,
    650,
    651,
    667,
    668,
    685,
    692,
    697,
    699,
    708,
    726,
    731,
    739,
    742,
    745,
    750,
    752,
    800,
    802,
    817,
    828,
    850,
    852,
    859,
    884,
    906,
    928,
    937,
    942,
    960,
    963,
    969,
    989
  ],
  "n_after_alignment_filter": 906,
  "clean_accuracy": 0.9337748344370861,
  "corrupted_accuracy": 0.9216335540838853,
  "both_correct_accuracy": 0.8576158940397351,
  "n_both_correct": 777,
  "both_correct_indices": [
    0,
    1,
    2,
    3,
    4,
    5,
    6,
    7,
    8,
    9,
    10,
    12,
    13,
    15,
    16,
    17,
    19,
    20,
    21,
    22,
    23,
    24,
    26,
    27,
    28,
    29,
    32,
    34,
    35,
    37,
    38,
    39,
    40,
    41,
    42,
    43,
    44,
    45,
    46,
    47,
    48,
    49,
    50,
    51,
    52,
    54,
    55,
    56,
    57,
    58,
    59,
    60,
    61,
    62,
    63,
    64,
    65,
    66,
    67,
    73,
    74,
    75,
    77,
    78,
    79,
    80,
    81,
    83,
    85,
    86,
    87,
    88,
    89,
    90,
    92,
    93,
    94,
    95,
    97,
    98,
    100,
    101,
    102,
    103,
    104,
    105,
    106,
    107,
    108,
    109,
    111,
    112,
    114,
    115,
    116,
    117,
    119,
    120,
    121,
    123,
    124,
    126,
    127,
    128,
    130,
    131,
    132,
    134,
    135,
    136,
    137,
    139,
    141,
    142,
    144,
    145,
    146,
    147,
    148,
    149,
    150,
    151,
    152,
    153,
    154,
    155,
    156,
    157,
    158,
    160,
    161,
    162,
    164,
    165,
    166,
    169,
    170,
    171,
    173,
    174,
    175,
    178,
    180,
    181,
    182,
    183,
    184,
    186,
    187,
    188,
    191,
    194,
    195,
    197,
    198,
    199,
    201,
    203,
    204,
    206,
    207,
    208,
    209,
    210,
    211,
    212,
    213,
    214,
    215,
    216,
    218,
    220,
    221,
    222,
    224,
    225,
    226,
    227,
    228,
    229,
    230,
    231,
    232,
    233,
    234,
    235,
    236,
    237,
    238,
    239,
    240,
    241,
    242,
    243,
    244,
    245,
    246,
    247,
    248,
    249,
    250,
    251,
    252,
    253,
    254,
    255,
    260,
    261,
    262,
    263,
    264,
    265,
    267,
    268,
    269,
    270,
    271,
    272,
    274,
    275,
    277,
    278,
    279,
    280,
    282,
    283,
    284,
    285,
    286,
    287,
    289,
    290,
    291,
    292,
    293,
    294,
    295,
    297,
    298,
    299,
    300,
    301,
    302,
    303,
    304,
    305,
    306,
    307,
    308,
    309,
    310,
    311,
    312,
    313,
    314,
    315,
    316,
    318,
    321,
    322,
    323,
    325,
    326,
    328,
    329,
    330,
    331,
    332,
    334,
    335,
    336,
    339,
    340,
    341,
    342,
    343,
    344,
    345,
    346,
    347,
    348,
    349,
    350,
    351,
    352,
    354,
    355,
    357,
    358,
    360,
    361,
    362,
    363,
    364,
    365,
    366,
    367,
    368,
    369,
    370,
    372,
    373,
    374,
    376,
    378,
    379,
    380,
    381,
    382,
    383,
    384,
    385,
    386,
    387,
    388,
    389,
    390,
    391,
    393,
    394,
    395,
    397,
    398,
    400,
    401,
    402,
    403,
    404,
    408,
    409,
    410,
    411,
    412,
    413,
    415,
    416,
    417,
    419,
    420,
    423,
    424,
    425,
    426,
    428,
    429,
    430,
    431,
    432,
    433,
    435,
    436,
    437,
    439,
    440,
    441,
    442,
    443,
    444,
    447,
    448,
    449,
    450,
    451,
    452,
    453,
    454,
    456,
    459,
    460,
    461,
    462,
    464,
    465,
    466,
    467,
    469,
    470,
    471,
    472,
    473,
    474,
    475,
    477,
    478,
    480,
    481,
    482,
    483,
    485,
    490,
    492,
    493,
    494,
    495,
    496,
    497,
    498,
    499,
    500,
    501,
    503,
    504,
    505,
    506,
    508,
    509,
    510,
    511,
    512,
    513,
    516,
    517,
    518,
    519,
    520,
    521,
    522,
    524,
    525,
    526,
    527,
    531,
    532,
    533,
    537,
    538,
    541,
    542,
    543,
    544,
    545,
    546,
    548,
    549,
    550,
    551,
    552,
    553,
    554,
    555,
    556,
    557,
    558,
    561,
    563,
    564,
    565,
    566,
    567,
    568,
    569,
    570,
    571,
    572,
    573,
    574,
    575,
    577,
    578,
    580,
    583,
    584,
    585,
    586,
    587,
    588,
    589,
    591,
    592,
    593,
    594,
    595,
    597,
    598,
    602,
    603,
    604,
    606,
    607,
    608,
    610,
    611,
    612,
    614,
    616,
    617,
    618,
    619,
    620,
    623,
    624,
    625,
    626,
    627,
    628,
    629,
    630,
    631,
    632,
    633,
    634,
    636,
    637,
    638,
    639,
    640,
    641,
    642,
    643,
    644,
    645,
    647,
    648,
    652,
    653,
    654,
    655,
    656,
    657,
    658,
    659,
    660,
    661,
    662,
    663,
    665,
    666,
    669,
    670,
    671,
    672,
    673,
    674,
    675,
    676,
    678,
    679,
    680,
    681,
    682,
    683,
    684,
    686,
    687,
    688,
    689,
    690,
    691,
    693,
    694,
    695,
    696,
    698,
    700,
    701,
    702,
    703,
    704,
    706,
    707,
    709,
    710,
    711,
    712,
    713,
    714,
    717,
    718,
    719,
    720,
    722,
    725,
    728,
    729,
    730,
    732,
    733,
    735,
    736,
    737,
    738,
    740,
    741,
    743,
    744,
    746,
    747,
    748,
    751,
    753,
    754,
    755,
    756,
    757,
    758,
    759,
    760,
    762,
    763,
    764,
    765,
    766,
    767,
    768,
    769,
    770,
    771,
    772,
    773,
    775,
    776,
    777,
    778,
    779,
    780,
    781,
    782,
    783,
    785,
    786,
    787,
    788,
    790,
    791,
    792,
    793,
    794,
    795,
    796,
    798,
    799,
    801,
    803,
    804,
    805,
    806,
    807,
    809,
    810,
    811,
    812,
    813,
    814,
    815,
    818,
    819,
    820,
    821,
    822,
    824,
    826,
    827,
    829,
    831,
    832,
    833,
    834,
    835,
    836,
    838,
    840,
    841,
    842,
    844,
    845,
    846,
    847,
    848,
    851,
    853,
    854,
    855,
    856,
    857,
    858,
    860,
    861,
    863,
    864,
    865,
    866,
    867,
    869,
    870,
    871,
    872,
    873,
    874,
    875,
    876,
    877,
    878,
    879,
    880,
    881,
    885,
    886,
    887,
    888,
    889,
    890,
    891,
    892,
    895,
    896,
    897,
    898,
    899,
    900,
    901,
    905,
    907,
    910,
    911,
    912,
    913,
    914,
    915,
    916,
    917,
    918,
    919,
    921,
    923,
    924,
    925,
    927,
    929,
    931,
    932,
    933,
    934,
    935,
    939,
    941,
    943,
    944,
    945,
    946,
    947,
    948,
    949,
    950,
    951,
    952,
    953,
    954,
    955,
    956,
    957,
    959,
    961,
    962,
    964,
    965,
    966,
    967,
    970,
    971,
    972,
    973,
    974,
    975,
    976,
    980,
    982,
    983,
    984,
    985,
    986,
    987,
    988,
    990,
    991,
    992,
    993,
    994
