{
  "n_total": 1000,
  "n_token_misaligned": 14,
  "token_misaligned_indices": [
    100,
    247,
    272,
    384,
    493,
    523,
    558,
    613,
    630,
    655,
    678,
    750,
    813,
    935
  ],
  "n_after_alignment_filter": 986,
  "clean_accuracy": 0.9148073022312373,
  "corrupted_accuracy": 0.9249492900608519,
  "both_correct_accuracy": 0.8407707910750507,
  "n_both_correct": 829,
  "both_correct_indices": [
    0,
    1,
    2,
    3,
    4,
    6,
    7,
    8,
    9,
    11,
    12,
    13,
    14,
    15,
    16,
    17,
    18,
    19,
    21,
    22,
    23,
    24,
    25,
    26,
    27,
    28,
    29,
    30,
    31,
    32,
    33,
    34,
    35,
    36,
    37,
    38,
    39,
    40,
    41,
    42,
    43,
    44,
    45,
    46,
    47,
    49,
    50,
    51,
    52,
    54,
    55,
    57,
    58,
    59,
    60,
    63,
    64,
    65,
    66,
    67,
    68,
    70,
    71,
    72,
    73,
    74,
    75,
    76,
    77,
    78,
    79,
    80,
    81,
    83,
    85,
    87,
    88,
    90,
    91,
    92,
    93,
    94,
    95,
    96,
    98,
    99,
    101,
    102,
    103,
    104,
    105,
    106,
    107,
    108,
    109,
    110,
    111,
    112,
    113,
    114,
    115,
    116,
    118,
    119,
    121,
    123,
    124,
    125,
    126,
    127,
    129,
    130,
    131,
    132,
    133,
    134,
    135,
    136,
    137,
    138,
    139,
    140,
    141,
    142,
    143,
    144,
    145,
    148,
    149,
    150,
    151,
    152,
    153,
    154,
    156,
    157,
    158,
    159,
    160,
    162,
    163,
    165,
    169,
    170,
    171,
    172,
    173,
    174,
    175,
    176,
    177,
    178,
    179,
    181,
    182,
    183,
    184,
    185,
    186,
    187,
    188,
    190,
    191,
    192,
    193,
    194,
    195,
    196,
    197,
    198,
    199,
    200,
    202,
    203,
    204,
    205,
    206,
    207,
    208,
    209,
    210,
    211,
    212,
    213,
    214,
    215,
    216,
    217,
    218,
    219,
    220,
    221,
    222,
    223,
    224,
    225,
    226,
    227,
    229,
    230,
    231,
    232,
    233,
    234,
    235,
    236,
    237,
    238,
    239,
    240,
    241,
    242,
    243,
    244,
    245,
    248,
    249,
    251,
    252,
    253,
    254,
    255,
    256,
    257,
    258,
    259,
    260,
    261,
    262,
    263,
    265,
    266,
    267,
    268,
    269,
    270,
    271,
    273,
    274,
    275,
    276,
    279,
    280,
    281,
    282,
    283,
    284,
    287,
    288,
    289,
    290,
    293,
    294,
    297,
    298,
    299,
    300,
    302,
    303,
    304,
    305,
    306,
    307,
    308,
    309,
    310,
    312,
    313,
    314,
    315,
    316,
    317,
    318,
    319,
    320,
    321,
    322,
    323,
    324,
    325,
    326,
    328,
    329,
    330,
    331,
    333,
    334,
    335,
    337,
    338,
    340,
    342,
    343,
    348,
    350,
    352,
    353,
    354,
    355,
    356,
    357,
    358,
    359,
    360,
    361,
    362,
    363,
    364,
    365,
    366,
    368,
    369,
    371,
    373,
    376,
    377,
    379,
    380,
    382,
    383,
    385,
    386,
    387,
    389,
    390,
    391,
    392,
    393,
    395,
    396,
    397,
    398,
    399,
    401,
    402,
    403,
    406,
    408,
    409,
    410,
    411,
    412,
    413,
    414,
    415,
    416,
    417,
    418,
    419,
    422,
    423,
    424,
    425,
    427,
    428,
    429,
    430,
    431,
    432,
    433,
    434,
    435,
    437,
    439,
    440,
    441,
    442,
    443,
    444,
    445,
    446,
    447,
    448,
    449,
    450,
    451,
    452,
    453,
    454,
    455,
    457,
    458,
    460,
    461,
    462,
    463,
    465,
    466,
    467,
    468,
    469,
    470,
    471,
    472,
    473,
    474,
    475,
    476,
    477,
    479,
    480,
    481,
    482,
    483,
    484,
    485,
    486,
    487,
    488,
    489,
    490,
    492,
    494,
    495,
    496,
    497,
    498,
    499,
    500,
    502,
    503,
    504,
    505,
    506,
    508,
    509,
    510,
    511,
    512,
    514,
    515,
    516,
    517,
    518,
    519,
    521,
    524,
    525,
    526,
    527,
    528,
    529,
    530,
    531,
    532,
    533,
    534,
    535,
    536,
    537,
    538,
    539,
    541,
    542,
    543,
    544,
    545,
    546,
    547,
    548,
    549,
    550,
    551,
    552,
    553,
    554,
    555,
    556,
    557,
    559,
    560,
    561,
    562,
    563,
    564,
    565,
    566,
    567,
    571,
    572,
    573,
    574,
    575,
    576,
    577,
    578,
    579,
    581,
    582,
    584,
    585,
    586,
    590,
    591,
    592,
    593,
    594,
    595,
    596,
    597,
    598,
    599,
    600,
    602,
    603,
    605,
    607,
    608,
    609,
    610,
    611,
    612,
    614,
    616,
    617,
    618,
    619,
    620,
    621,
    622,
    624,
    625,
    626,
    629,
    631,
    632,
    633,
    635,
    636,
    637,
    638,
    639,
    640,
    642,
    643,
    644,
    645,
    646,
    647,
    648,
    649,
    650,
    652,
    653,
    657,
    659,
    660,
    661,
    662,
    663,
    664,
    665,
    666,
    667,
    668,
    669,
    670,
    671,
    673,
    675,
    677,
    679,
    680,
    681,
    682,
    683,
    684,
    685,
    686,
    687,
    688,
    689,
    690,
    691,
    693,
    694,
    695,
    696,
    697,
    698,
    699,
    700,
    701,
    702,
    703,
    704,
    705,
    706,
    707,
    708,
    709,
    710,
    711,
    712,
    713,
    714,
    715,
    718,
    720,
    721,
    722,
    723,
    724,
    725,
    726,
    727,
    728,
    729,
    730,
    731,
    732,
    733,
    734,
    735,
    736,
    738,
    739,
    740,
    741,
    743,
    745,
    746,
    747,
    748,
    751,
    752,
    753,
    754,
    755,
    756,
    757,
    758,
    759,
    760,
    761,
    763,
    764,
    766,
    767,
    768,
    770,
    772,
    773,
    774,
    775,
    776,
    777,
    778,
    779,
    780,
    781,
    782,
    783,
    784,
    785,
    787,
    788,
    789,
    790,
    791,
    792,
    794,
    795,
    796,
    797,
    798,
    799,
    800,
    802,
    803,
    804,
    805,
    806,
    807,
    808,
    809,
    810,
    811,
    812,
    815,
    816,
    817,
    818,
    819,
    820,
    821,
    823,
    824,
    825,
    826,
    827,
    828,
    829,
    830,
    831,
    832,
    833,
    834,
    835,
    836,
    838,
    839,
    841,
    842,
    843,
    844,
    845,
    846,
    847,
    848,
    849,
    851,
    852,
    854,
    856,
    857,
    858,
    859,
    860,
    861,
    862,
    863,
    864,
    865,
    866,
    867,
    868,
    871,
    872,
    873,
    874,
    875,
    876,
    877,
    880,
    881,
    882,
    883,
    884,
    885,
    886,
    887,
    888,
    889,
    890,
    891,
    892,
    893,
    894,
    895,
    896,
    897,
    900,
    901,
    902,
    905,
    906,
    908,
    910,
    912,
    913,
    914,
    917,
    919,
    920,
    921,
    922,
    923,
    924,
    926,
    927,
    928,
    930,
    931,
    932,
    934,
    936,
    937,
    938,
    939,
    940,
    941,
    942,
    943,
    944,
    945,
    946,
    947,
    948,
    949,
    950,
    951,
    952,
    953,
    954,
    955,
    956,
    958,
    959,
    962,
    963,
    964,
    965,
    966,
    968,
    969,
    970,
    971,
    973,
    974,
    975,
    977,
    979,
    980,
    981,
    982,
    983,
    984,
    985,
    987,
    988,
    990,
    991,
    992,
    993,
    994,
    995,
    998,
    999
  ],