{
  "n_total": 1000,
  "n_token_misaligned": 23,
  "token_misaligned_indices": [
    32,
    58,
    97,
    183,
    188,
    197,
    309,
    449,
    500,
    539,
    577,
    641,
    647,
    709,
    754,
    764,
    792,
    802,
    829,
    915,
    929,
    938,
    959
  ],
  "n_after_alignment_filter": 977,
  "clean_accuracy": 0.8556806550665302,
  "corrupted_accuracy": 0.8249744114636642,
  "both_correct_accuracy": 0.6898669396110543,
  "n_both_correct": 674,
  "both_correct_indices": [
    0,
    1,
    2,
    3,
    4,
    6,
    7,
    8,
    9,
    11,
    12,
    13,
    15,
    17,
    18,
    19,
    22,
    23,
    24,
    27,
    29,
    30,
    31,
    33,
    34,
    35,
    36,
    37,
    38,
    39,
    41,
    43,
    44,
    45,
    46,
    48,
    50,
    56,
    59,
    62,
    63,
    64,
    65,
    66,
    67,
    68,
    69,
    70,
    71,
    72,
    73,
    74,
    75,
    76,
    77,
    78,
    79,
    82,
    85,
    88,
    89,
    90,
    91,
    93,
    94,
    95,
    96,
    98,
    100,
    101,
    102,
    103,
    104,
    105,
    106,
    107,
    108,
    109,
    110,
    112,
    114,
    115,
    117,
    118,
    119,
    120,
    123,
    124,
    126,
    129,
    130,
    131,
    133,
    135,
    136,
    137,
    138,
    139,
    142,
    143,
    144,
    146,
    148,
    150,
    151,
    152,
    153,
    156,
    158,
    159,
    160,
    162,
    164,
    166,
    167,
    168,
    169,
    170,
    171,
    172,
    173,
    174,
    175,
    176,
    179,
    180,
    181,
    185,
    187,
    189,
    191,
    192,
    193,
    194,
    198,
    199,
    201,
    203,
    204,
    205,
    206,
    210,
    211,
    212,
    213,
    214,
    215,
    217,
    218,
    220,
    222,
    223,
    224,
    226,
    227,
    229,
    230,
    231,
    232,
    233,
    234,
    236,
    237,
    238,
    239,
    240,
    242,
    244,
    245,
    247,
    248,
    249,
    250,
    252,
    254,
    255,
    256,
    257,
    258,
    261,
    262,
    263,
    265,
    266,
    268,
    269,
    271,
    272,
    273,
    274,
    276,
    277,
    278,
    280,
    281,
    282,
    284,
    287,
    288,
    290,
    291,
    292,
    294,
    295,
    296,
    297,
    298,
    301,
    302,
    304,
    305,
    306,
    307,
    310,
    312,
    313,
    316,
    317,
    318,
    319,
    320,
    321,
    322,
    328,
    330,
    331,
    333,
    334,
    336,
    338,
    339,
    340,
    341,
    342,
    343,
    344,
    345,
    348,
    349,
    351,
    354,
    355,
    356,
    357,
    358,
    359,
    360,
    363,
    366,
    369,
    372,
    373,
    375,
    376,
    378,
    379,
    380,
    383,
    384,
    386,
    387,
    388,
    389,
    391,
    392,
    393,
    394,
    395,
    396,
    398,
    399,
    400,
    402,
    403,
    404,
    405,
    407,
    408,
    410,
    411,
    412,
    413,
    415,
    416,
    419,
    420,
    421,
    422,
    423,
    424,
    425,
    427,
    428,
    429,
    430,
    431,
    433,
    434,
    435,
    436,
    437,
    438,
    439,
    440,
    441,
    442,
    443,
    444,
    445,
    447,
    448,
    451,
    452,
    455,
    457,
    458,
    459,
    460,
    461,
    462,
    465,
    467,
    470,
    472,
    473,
    474,
    475,
    476,
    477,
    478,
    479,
    480,
    482,
    488,
    489,
    490,
    493,
    496,
    497,
    498,
    501,
    502,
    504,
    506,
    507,
    508,
    510,
    512,
    513,
    517,
    518,
    519,
    520,
    522,
    523,
    525,
    526,
    528,
    529,
    531,
    532,
    534,
    535,
    537,
    538,
    540,
    542,
    543,
    544,
    546,
    548,
    549,
    550,
    551,
    552,
    554,
    555,
    556,
    557,
    558,
    559,
    560,
    562,
    565,
    566,
    568,
    569,
    570,
    572,
    573,
    580,
    583,
    584,
    587,
    588,
    590,
    592,
    593,
    594,
    595,
    596,
    597,
    598,
    599,
    600,
    601,
    602,
    603,
    604,
    605,
    606,
    608,
    609,
    610,
    612,
    615,
    616,
    619,
    623,
    624,
    627,
    628,
    630,
    631,
    633,
    634,
    639,
    640,
    642,
    643,
    645,
    646,
    648,
    649,
    650,
    651,
    652,
    654,
    655,
    657,
    658,
    659,
    661,
    662,
    663,
    664,
    665,
    666,
    669,
    670,
    671,
    672,
    674,
    675,
    676,
    678,
    679,
    680,
    681,
    682,
    683,
    684,
    685,
    686,
    687,
    688,
    689,
    690,
    691,
    692,
    693,
    694,
    699,
    701,
    706,
    707,
    711,
    713,
    714,
    717,
    718,
    720,
    721,
    723,
    724,
    725,
    726,
    727,
    728,
    729,
    730,
    732,
    733,
    735,
    737,
    739,
    741,
    742,
    743,
    744,
    745,
    746,
    749,
    751,
    753,
    757,
    758,
    759,
    760,
    761,
    762,
    763,
    765,
    767,
    771,
    774,
    775,
    776,
    777,
    779,
    780,
    781,
    782,
    784,
    785,
    787,
    788,
    789,
    790,
    791,
    793,
    794,
    795,
    799,
    800,
    801,
    803,
    804,
    806,
    807,
    808,
    810,
    811,
    813,
    814,
    815,
    817,
    818,
    819,
    820,
    821,
    823,
    825,
    828,
    831,
    832,
    833,
    834,
    835,
    836,
    837,
    838,
    840,
    841,
    842,
    843,
    844,
    846,
    847,
    848,
    849,
    851,
    852,
    853,
    854,
    856,
    857,
    858,
    859,
    860,
    861,
    862,
    864,
    865,
    866,
    867,
    868,
    869,
    871,
    873,
    874,
    875,
    877,
    878,
    879,
    880,
    881,
    882,
    883,
    884,
    886,
    887,
    888,
    889,
    891,
    892,
    893,
    894,
    897,
    899,
    900,
    901,
    903,
    904,
    906,
    907,
    908,
    909,
    910,
    912,
    913,
    918,
    919,
    920,
    922,
    924,
    925,
    926,
    928,
    930,
    931,
    935,
    937,
    939,
    940,
    941,
    943,
    944,
    945,
    946,
    947,
    951,
    952,
    954,
    955,
    956,
    958,
    960,
    962,
    964,
    965,
    967,
    969,
    970,
    973,
    974,
    975,
    978,
    979,
    980,
    981,
    982,
    983,
    984,
    985,
    986,
    987,
    988,
    989,
    991,
    992,
    994,
    996,
    998
  ],