{
  "n_total": 1100,
  "n_token_misaligned": 0,
  "token_misaligned_indices": [],
  "n_after_alignment_filter": 1100,
  "clean_accuracy": 0.8545454545454545,
  "corrupted_accuracy": 0.8745454545454545,
  "both_correct_accuracy": 0.7290909090909091,
  "n_both_correct": 802,
  "both_correct_indices": [
    0,
    1,
    5,
    7,
    8,
    9,
    10,
    11,
    13,
    16,
    18,
    19,
    22,
    24,
    25,
    26,
    29,
    30,
    32,
    33,
    34,
    35,
    36,
    37,
    39,
    40,
    41,
    42,
    43,
    44,
    45,
    46,
    47,
    48,
    49,
    50,
    51,
    52,
    53,
    55,
    56,
    57,
    62,
    63,
    64,
    65,
    66,
    67,
    68,
    69,
    71,
    73,
    74,
    75,
    76,
    77,
    78,
    80,
    84,
    85,
    87,
    89,
    90,
    91,
    92,
    93,
    94,
    95,
    98,
    99,
    101,
    102,
    103,
    104,
    105,
    106,
    107,
    108,
    112,
    113,
    114,
    115,
    116,
    117,
    118,
    119,
    122,
    124,
    126,
    127,
    128,
    132,
    133,
    134,
    135,
    136,
    137,
    139,
    140,
    141,
    144,
    145,
    146,
    147,
    149,
    150,
    151,
    152,
    154,
    155,
    156,
    157,
    158,
    159,
    160,
    161,
    162,
    163,
    164,
    165,
    166,
    167,
    168,
    170,
    171,
    172,
    175,
    176,
    177,
    178,
    180,
    183,
    185,
    187,
    189,
    190,
    191,
    194,
    197,
    199,
    201,
    202,
    203,
    206,
    207,
    208,
    209,
    210,
    211,
    212,
    213,
    214,
    216,
    218,
    219,
    221,
    222,
    223,
    224,
    226,
    227,
    230,
    231,
    233,
    234,
    235,
    237,
    238,
    239,
    240,
    241,
    246,
    247,
    248,
    249,
    250,
    251,
    252,
    253,
    254,
    257,
    258,
    259,
    260,
    261,
    262,
    264,
    266,
    267,
    272,
    274,
    276,
    278,
    279,
    280,
    281,
    282,
    283,
    284,
    285,
    287,
    288,
    289,
    290,
    291,
    292,
    293,
    294,
    295,
    296,
    297,
    298,
    299,
    300,
    301,
    302,
    303,
    305,
    306,
    307,
    308,
    309,
    311,
    312,
    316,
    317,
    319,
    321,
    322,
    323,
    326,
    328,
    329,
    330,
    331,
    332,
    333,
    336,
    338,
    339,
    341,
    344,
    345,
    347,
    348,
    350,
    351,
    352,
    353,
    354,
    358,
    359,
    361,
    362,
    364,
    365,
    366,
    368,
    369,
    373,
    374,
    375,
    376,
    377,
    378,
    379,
    380,
    381,
    382,
    383,
    384,
    386,
    388,
    389,
    390,
    391,
    392,
    393,
    395,
    397,
    398,
    400,
    401,
    402,
    403,
    404,
    405,
    406,
    407,
    409,
    410,
    414,
    416,
    417,
    418,
    420,
    421,
    422,
    423,
    424,
    425,
    427,
    428,
    429,
    431,
    432,
    433,
    434,
    435,
    436,
    437,
    438,
    439,
    440,
    442,
    444,
    446,
    448,
    449,
    451,
    452,
    453,
    454,
    455,
    457,
    458,
    459,
    461,
    462,
    464,
    465,
    467,
    469,
    470,
    471,
    472,
    473,
    475,
    477,
    478,
    480,
    481,
    482,
    483,
    484,
    485,
    486,
    487,
    489,
    490,
    491,
    493,
    494,
    496,
    498,
    499,
    500,
    501,
    502,
    504,
    505,
    507,
    508,
    510,
    511,
    513,
    514,
    515,
    516,
    517,
    519,
    520,
    521,
    522,
    523,
    524,
    525,
    526,
    528,
    531,
    536,
    537,
    538,
    539,
    542,
    544,
    545,
    546,
    548,
    549,
    550,
    552,
    553,
    554,
    555,
    556,
    558,
    559,
    560,
    561,
    563,
    564,
    565,
    566,
    567,
    568,
    569,
    570,
    571,
    573,
    574,
    575,
    576,
    577,
    579,
    580,
    581,
    582,
    583,
    584,
    585,
    586,
    587,
    588,
    589,
    592,
    593,
    594,
    595,
    596,
    597,
    598,
    599,
    600,
    602,
    605,
    606,
    607,
    608,
    609,
    610,
    611,
    612,
    613,
    614,
    615,
    616,
    617,
    618,
    619,
    620,
    621,
    622,
    624,
    626,
    627,
    629,
    631,
    632,
    634,
    635,
    638,
    640,
    641,
    642,
    643,
    644,
    646,
    647,
    648,
    651,
    654,
    655,
    656,
    657,
    658,
    660,
    663,
    665,
    666,
    668,
    669,
    670,
    671,
    672,
    673,
    674,
    675,
    676,
    679,
    680,
    682,
    683,
    684,
    686,
    687,
    688,
    690,
    692,
    693,
    695,
    696,
    697,
    699,
    700,
    702,
    703,
    704,
    705,
    708,
    710,
    711,
    713,
    714,
    715,
    717,
    718,
    719,
    720,
    724,
    725,
    727,
    728,
    729,
    731,
    732,
    734,
    736,
    738,
    739,
    740,
    741,
    743,
    744,
    745,
    747,
    750,
    752,
    753,
    754,
    755,
    757,
    758,
    759,
    760,
    761,
    762,
    763,
    764,
    765,
    766,
    767,
    768,
    769,
    771,
    773,
    774,
    775,
    776,
    777,
    778,
    781,
    783,
    785,
    786,
    787,
    788,
    789,
    790,
    791,
    792,
    793,
    795,
    796,
    797,
    798,
    799,
    800,
    802,
    803,
    805,
    806,
    807,
    808,
    809,
    810,
    811,
    812,
    814,
    815,
    816,
    817,
    821,
    823,
    824,
    825,
    826,
    827,
    828,
    829,
    830,
    832,
    834,
    835,
    836,
    838,
    839,
    841,
    843,
    845,
    846,
    847,
    848,
    849,
    850,
    851,
    852,
    853,
    855,
    856,
    858,
    859,
    860,
    861,
    862,
    863,
    864,
    866,
    867,
    868,
    869,
    871,
    872,
    873,
    874,
    876,
    877,
    878,
    879,
    880,
    882,
    883,
    884,
    885,
    887,
    888,
    889,
    890,
    891,
    892,
    893,
    894,
    896,
    897,
    898,
    900,
    901,
    903,
    905,
    906,
    907,
    909,
    910,
    912,
    913,
    914,
    915,
    917,
    918,
    919,
    920,
    921,
    922,
    923,
    924,
    927,
    928,
    929,
    930,
    931,
    932,
    933,
    935,
    938,
    940,
    942,
    943,
    944,
    945,
    947,
    948,
    950,
    951,
    952,
    953,
    956,
    957,
    958,
    960,
    961,
    962,
    963,
    965,
    966,
    967,
    968,
    970,
    971,
    972,
    974,
    975,
    976,
    977,
    978,
    979,
    981,
    982,
    983,
    984,
    985,
    986,
    988,
    989,
    990,
    991,
    992,
    993,
    994,
    996,
    999,
    1000,
    1001,
    1002,
    1003,
    1004,
    1005,
    1007,
    1008,
    1009,
    1012,
    1014,
    1015,
    1016,
    1017,
    1018,
    1019,
    1020,
    1021,
    1022,
    1023,
    1024,
    1025,
    1026,
    1027,
    1028,
    1029,
    1031,
    1032,
    1033,
    1034,
    1037,
    1039,
    1041,
    1042,
    1045,
    1047,
    1048,
    1049,
    1050,
    1051,
    1053,
    1054,
    1055,
    1058,
    1061,
    1062,
    1064,
    1065,
    1066,
    1068,
    1071,
    1072,
    1073,
    1074,
    1075,
    1076,
    1077,
    1078,
    1080,
    1081,
    1082,
    1084,
    1085,
    1088,
    1090,
    1091,
    1092,
    1094,
    1096,
    1097,
    1098,
    1099
  ],