{
  "n_total": 577,
  "n_token_misaligned": 115,
  "token_misaligned_indices": [
    3,
    4,
    9,
    10,
    12,
    14,
    24,
    31,
    32,
    37,
    41,
    47,
    52,
    54,
    59,
    60,
    69,
    78,
    79,
    89,
    90,
    97,
    98,
    106,
    111,
    112,
    114,
    124,
    127,
    129,
    139,
    141,
    144,
    160,
    162,
    167,
    169,
    172,
    175,
    176,
    181,
    185,
    219,
    227,
    229,
    239,
    256,
    260,
    269,
    270,
    276,
    282,
    285,
    287,
    290,
    291,
    315,
    320,
    333,
    351,
    352,
    356,
    366,
    368,
    372,
    374,
    379,
    389,
    393,
    398,
    402,
    405,
    411,
    415,
    416,
    417,
    418,
    422,
    425,
    428,
    429,
    431,
    432,
    444,
    445,
    447,
    448,
    454,
    458,
    464,
    467,
    471,
    472,
    475,
    479,
    485,
    486,
    489,
    491,
    504,
    511,
    512,
    514,
    515,
    524,
    527,
    533,
    535,
    538,
    551,
    560,
    565,
    566,
    570,
    576
  ],
  "n_after_alignment_filter": 462,
  "clean_accuracy": 0.8787878787878788,
  "corrupted_accuracy": 0.8766233766233766,
  "both_correct_accuracy": 0.7575757575757576,
  "n_both_correct": 350,
  "both_correct_indices": [
    0,
    2,
    5,
    7,
    11,
    13,
    15,
    16,
    17,
    18,
    20,
    21,
    22,
    23,
    26,
    27,
    28,
    29,
    30,
    33,
    34,
    35,
    36,
    38,
    39,
    42,
    43,
    44,
    45,
    46,
    49,
    55,
    56,
    57,
    58,
    61,
    62,
    63,
    66,
    67,
    68,
    70,
    71,
    72,
    73,
    74,
    75,
    76,
    77,
    80,
    81,
    82,
    83,
    85,
    87,
    91,
    93,
    94,
    95,
    100,
    101,
    102,
    103,
    104,
    105,
    107,
    110,
    113,
    115,
    116,
    117,
    118,
    119,
    120,
    121,
    122,
    123,
    125,
    126,
    128,
    130,
    131,
    132,
    133,
    134,
    135,
    137,
    138,
    142,
    145,
    147,
    148,
    149,
    150,
    151,
    152,
    153,
    154,
    155,
    156,
    157,
    158,
    159,
    161,
    163,
    164,
    165,
    166,
    168,
    170,
    171,
    173,
    174,
    178,
    180,
    182,
    183,
    186,
    188,
    189,
    190,
    191,
    193,
    194,
    195,
    197,
    198,
    199,
    200,
    201,
    202,
    203,
    204,
    206,
    207,
    209,
    210,
    211,
    212,
    213,
    214,
    216,
    217,
    218,
    220,
    221,
    222,
    223,
    224,
    225,
    228,
    231,
    232,
    234,
    235,
    236,
    237,
    238,
    240,
    242,
    244,
    245,
    246,
    247,
    248,
    249,
    253,
    259,
    261,
    263,
    264,
    265,
    267,
    271,
    272,
    273,
    274,
    275,
    277,
    278,
    279,
    280,
    281,
    283,
    286,
    288,
    292,
    293,
    295,
    296,
    297,
    299,
    300,
    301,
    302,
    303,
    304,
    306,
    307,
    309,
    310,
    311,
    312,
    313,
    314,
    316,
    317,
    318,
    321,
    322,
    323,
    324,
    325,
    326,
    327,
    328,
    329,
    330,
    331,
    334,
    335,
    336,
    337,
    341,
    343,
    344,
    345,
    346,
    347,
    348,
    349,
    350,
    354,
    357,
    359,
    361,
    362,
    365,
    369,
    370,
    371,
    376,
    377,
    380,
    381,
    382,
    383,
    385,
    386,
    387,
    388,
    390,
    392,
    394,
    395,
    396,
    397,
    399,
    400,
    406,
    407,
    408,
    410,
    413,
    414,
    419,
    423,
    426,
    430,
    433,
    434,
    435,
    436,
    437,
    438,
    439,
    440,
    446,
    450,
    451,
    452,
    453,
    455,
    456,
    457,
    459,
    461,
    462,
    463,
    465,
    468,
    469,
    473,
    474,
    477,
    478,
    487,
    488,
    490,
    492,
    493,
    494,
    496,
    497,
    498,
    500,
    501,
    503,
    508,
    509,
    513,
    519,
    520,
    521,
    522,
    523,
    525,
    526,
    529,
    530,
    532,
    534,
    536,
    537,
    539,
    540,
    541,
    542,
    543,
    544,
    545,
    546,
    547,
    548,
    550,
    552,
    553,
    554,
    555,
    557,
    558,
    559,
    561,
    562,
    563,
    564,
    567,
    571,
    572,
    573
  ],
  "not_both_correct_indices": [
    1,
    6,
    8,
    19,
    25,
    40,
    48,
    50,
    51,
    53,
    64,
    65,
    84,
    86,
    88,
    92,
    96,
    99,
    108,
    109,
    136,
    140,
    143,
    146,
    177,
    179,
    184,
    187,
    192,
    196,
    205,
    208,
    215,
    226,
    230,
    233,
    241,
    243,
    250,
    251,
    252,
    254,
    255,
    257,
    258,
    262,
    266,
    268,
    284,
    289,
    294,
    298,
    305,
    308,
    319,
    332,
    338,
    339,
    340,
    342,
    353,
    355,
    358,
    360,
    363,
    364,
    367,
    373,
    375,
    378,
    384,
    391,
    401,
    403,
    404,
    409,
    412,
    420,
    421,
    424,
    427,
    441,
    442,
    443,
    449,
    460,
    466,
    470,
    476,
    480,
    481,
    482,
    483,
    484,
    495,
    499,
    502,
    505,
    506,
    507,
    510,
    516,
    517,
    518,
    528,
    531,
    549,
    556,
    568,
    569,
    574,
    575
  ],
  "clean_baseline": 5.1640625,
  "corrupted_baseline": -5.3984375
}