{
  "n_total": 1100,
  "n_token_misaligned": 244,
  "token_misaligned_indices": [
    9,
    19,
    24,
    26,
    28,
    31,
    42,
    48,
    61,
    75,
    85,
    87,
    89,
    100,
    104,
    107,
    137,
    143,
    154,
    156,
    163,
    168,
    172,
    191,
    195,
    199,
    203,
    209,
    211,
    212,
    219,
    224,
    238,
    242,
    247,
    251,
    253,
    264,
    271,
    272,
    283,
    287,
    303,
    307,
    308,
    318,
    322,
    325,
    336,
    344,
    352,
    365,
    373,
    384,
    388,
    392,
    393,
    395,
    405,
    406,
    413,
    414,
    415,
    419,
    422,
    423,
    425,
    426,
    427,
    428,
    430,
    436,
    437,
    452,
    454,
    460,
    465,
    470,
    472,
    473,
    475,
    476,
    479,
    485,
    486,
    493,
    496,
    497,
    499,
    504,
    514,
    516,
    518,
    525,
    527,
    534,
    537,
    538,
    539,
    541,
    545,
    546,
    551,
    559,
    560,
    566,
    567,
    569,
    571,
    572,
    579,
    581,
    585,
    588,
    592,
    593,
    608,
    618,
    619,
    621,
    623,
    625,
    626,
    628,
    630,
    638,
    640,
    642,
    647,
    650,
    652,
    653,
    657,
    660,
    662,
    666,
    672,
    674,
    679,
    682,
    688,
    692,
    694,
    695,
    697,
    700,
    704,
    708,
    719,
    728,
    737,
    740,
    743,
    745,
    746,
    748,
    755,
    758,
    761,
    767,
    769,
    776,
    780,
    784,
    785,
    787,
    790,
    792,
    798,
    802,
    804,
    811,
    814,
    816,
    823,
    828,
    830,
    831,
    832,
    837,
    839,
    846,
    847,
    850,
    854,
    877,
    887,
    888,
    892,
    893,
    899,
    903,
    906,
    914,
    916,
    917,
    919,
    921,
    923,
    924,
    929,
    932,
    936,
    939,
    940,
    943,
    946,
    947,
    948,
    958,
    960,
    962,
    966,
    971,
    977,
    979,
    983,
    984,
    1002,
    1008,
    1010,
    1015,
    1019,
    1024,
    1025,
    1028,
    1030,
    1031,
    1033,
    1036,
    1039,
    1041,
    1044,
    1047,
    1057,
    1060,
    1067,
    1068,
    1070,
    1071,
    1074,
    1082,
    1088,
    1090
  ],
  "n_after_alignment_filter": 856,
  "clean_accuracy": 0.9988317757009346,
  "corrupted_accuracy": 0.9988317757009346,
  "both_correct_accuracy": 0.9976635514018691,
  "n_both_correct": 854,
  "both_correct_indices": [
    0,
    1,
    2,
    3,
    4,
    5,
    6,
    7,
    8,
    10,
    11,
    12,
    13,
    14,
    15,
    16,
    17,
    18,
    20,
    21,
    22,
    23,
    25,
    27,
    29,
    30,
    32,
    33,
    34,
    35,
    36,
    37,
    38,
    39,
    40,
    41,
    43,
    44,
    45,
    46,
    47,
    49,
    50,
    51,
    52,
    53,
    54,
    55,
    56,
    57,
    58,
    59,
    60,
    62,
    63,
    64,
    65,
    66,
    67,
    68,
    69,
    70,
    71,
    72,
    73,
    74,
    76,
    77,
    78,
    79,
    80,
    81,
    82,
    83,
    84,
    86,
    88,
    90,
    91,
    92,
    93,
    94,
    95,
    96,
    97,
    98,
    99,
    101,
    102,
    103,
    105,
    106,
    108,
    109,
    110,
    111,
    112,
    113,
    114,
    115,
    116,
    117,
    118,
    119,
    120,
    121,
    122,
    123,
    124,
    125,
    126,
    127,
    128,
    129,
    130,
    131,
    132,
    133,
    134,
    135,
    136,
    138,
    139,
    140,
    141,
    142,
    144,
    145,
    146,
    147,
    148,
    149,
    150,
    151,
    152,
    153,
    155,
    157,
    158,
    159,
    160,
    161,
    162,
    164,
    165,
    166,
    167,
    169,
    170,
    171,
    173,
    174,
    175,
    176,
    177,
    178,
    179,
    180,
    181,
    182,
    183,
    184,
    185,
    186,
    187,
    188,
    189,
    190,
    192,
    193,
    194,
    196,
    197,
    198,
    200,
    201,
    202,
    205,
    206,
    207,
    208,
    210,
    213,
    214,
    215,
    216,
    217,
    218,
    220,
    221,
    222,
    223,
    225,
    226,
    227,
    228,
    229,
    230,
    231,
    232,
    233,
    234,
    235,
    236,
    237,
    239,
    240,
    241,
    243,
    244,
    245,
    246,
    248,
    249,
    250,
    252,
    254,
    255,
    256,
    257,
    258,
    259,
    260,
    261,
    262,
    263,
    265,
    266,
    267,
    268,
    269,
    270,
    273,
    274,
    275,
    276,
    277,
    278,
    279,
    280,
    281,
    282,
    284,
    285,
    286,
    288,
    289,
    290,
    291,
    292,
    293,
    294,
    295,
    296,
    297,
    298,
    299,
    300,
    301,
    302,
    304,
    305,
    306,
    309,
    310,
    311,
    312,
    313,
    314,
    315,
    316,
    317,
    319,
    320,
    321,
    323,
    324,
    326,
    327,
    328,
    329,
    330,
    331,
    332,
    333,
    334,
    335,
    337,
    338,
    339,
    340,
    341,
    342,
    343,
    345,
    346,
    347,
    348,
    349,
    350,
    351,
    353,
    354,
    355,
    356,
    357,
    358,
    359,
    360,
    361,
    362,
    363,
    364,
    366,
    367,
    368,
    369,
    370,
    371,
    372,
    374,
    375,
    376,
    377,
    378,
    379,
    380,
    381,
    382,
    383,
    385,
    386,
    387,
    389,
    390,
    391,
    394,
    396,
    397,
    398,
    399,
    400,
    401,
    402,
    403,
    404,
    407,
    408,
    409,
    410,
    411,
    412,
    416,
    417,
    418,
    420,
    421,
    424,
    429,
    431,
    432,
    433,
    434,
    435,
    438,
    439,
    440,
    441,
    442,
    443,
    444,
    445,
    446,
    447,
    448,
    449,
    450,
    451,
    453,
    455,
    456,
    457,
    458,
    459,
    461,
    462,
    463,
    464,
    466,
    467,
    468,
    469,
    471,
    474,
    477,
    478,
    480,
    481,
    482,
    483,
    484,
    487,
    488,
    489,
    490,
    491,
    492,
    494,
    495,
    498,
    500,
    501,
    502,
    503,
    505,
    506,
    507,
    508,
    509,
    510,
    511,
    512,
    513,
    515,
    517,
    519,
    520,
    521,
    522,
    523,
    524,
    526,
    528,
    529,
    530,
    531,
    532,
    533,
    535,
    536,
    540,
    542,
    543,
    544,
    547,
    548,
    549,
    550,
    552,
    553,
    554,
    555,
    556,
    557,
    558,
    561,
    562,
    563,
    564,
    565,
    568,
    570,
    573,
    574,
    575,
    576,
    577,
    578,
    580,
    582,
    583,
    584,
    586,
    587,
    590,
    591,
    594,
    595,
    596,
    597,
    598,
    599,
    600,
    601,
    602,
    603,
    604,
    605,
    606,
    607,
    609,
    610,
    611,
    612,
    613,
    614,
    615,
    616,
    617,
    620,
    622,
    624,
    627,
    629,
    631,
    632,
    633,
    634,
    635,
    636,
    637,
    639,
    641,
    643,
    644,
    645,
    646,
    648,
    649,
    651,
    654,
    655,
    656,
    658,
    659,
    661,
    663,
    664,
    665,
    667,
    668,
    669,
    670,
    671,
    673,
    675,
    676,
    677,
    678,
    680,
    681,
    683,
    684,
    685,
    686,
    687,
    689,
    690,
    691,
    693,
    696,
    698,
    699,
    701,
    702,
    703,
    705,
    706,
    707,
    709,
    710,
    711,
    712,
    713,
    714,
    715,
    716,
    717,
    718,
    720,
    721,
    722,
    723,
    724,
    725,
    726,
    727,
    729,
    730,
    731,
    732,
    733,
    734,
    735,
    736,
    738,
    739,
    741,
    742,
    744,
    747,
    749,
    750,
    751,
    752,
    753,
    754,
    756,
    757,
    759,
    760,
    762,
    763,
    764,
    765,
    766,
    768,
    770,
    771,
    772,
    773,
    774,
    775,
    777,
    778,
    779,
    781,
    782,
    783,
    786,
