{
  "n_total": 1000,
  "n_token_misaligned": 255,
  "token_misaligned_indices": [
    2,
    3,
    14,
    17,
    24,
    25,
    33,
    34,
    37,
    46,
    47,
    48,
    52,
    53,
    54,
    57,
    60,
    61,
    62,
    65,
    67,
    71,
    73,
    76,
    77,
    78,
    81,
    82,
    83,
    84,
    86,
    87,
    90,
    91,
    95,
    96,
    101,
    110,
    111,
    118,
    121,
    122,
    123,
    126,
    129,
    130,
    133,
    135,
    137,
    154,
    161,
    162,
    169,
    175,
    177,
    180,
    189,
    190,
    206,
    207,
    214,
    220,
    222,
    223,
    228,
    233,
    237,
    240,
    241,
    242,
    244,
    246,
    251,
    254,
    258,
    260,
    263,
    267,
    269,
    270,
    271,
    281,
    282,
    290,
    291,
    295,
    296,
    297,
    301,
    305,
    309,
    311,
    314,
    316,
    318,
    319,
    325,
    327,
    331,
    333,
    335,
    339,
    340,
    343,
    345,
    353,
    355,
    356,
    360,
    373,
    375,
    376,
    389,
    393,
    394,
    406,
    408,
    412,
    417,
    420,
    421,
    422,
    423,
    424,
    431,
    445,
    450,
    457,
    466,
    471,
    473,
    474,
    484,
    487,
    494,
    499,
    502,
    503,
    504,
    505,
    511,
    514,
    516,
    519,
    520,
    521,
    528,
    544,
    548,
    550,
    555,
    556,
    557,
    565,
    571,
    581,
    594,
    596,
    609,
    613,
    614,
    624,
    629,
    632,
    645,
    646,
    650,
    654,
    658,
    660,
    661,
    677,
    681,
    682,
    685,
    687,
    690,
    691,
    694,
    696,
    700,
    702,
    710,
    713,
    717,
    724,
    725,
    730,
    733,
    738,
    739,
    740,
    741,
    752,
    753,
    755,
    758,
    760,
    763,
    767,
    769,
    771,
    773,
    774,
    775,
    776,
    790,
    794,
    801,
    803,
    815,
    817,
    818,
    819,
    822,
    823,
    831,
    839,
    849,
    867,
    876,
    885,
    887,
    889,
    890,
    895,
    896,
    898,
    902,
    912,
    913,
    914,
    916,
    917,
    922,
    923,
    924,
    928,
    930,
    932,
    935,
    940,
    942,
    950,
    961,
    965,
    966,
    969,
    976,
    980,
    981,
    982,
    992,
    995,
    998
  ],
  "n_after_alignment_filter": 745,
  "clean_accuracy": 0.5073825503355704,
  "corrupted_accuracy": 0.4966442953020134,
  "both_correct_accuracy": 0.04429530201342282,
  "n_both_correct": 33,
  "both_correct_indices": [
    27,
    39,
    99,
    139,
    204,
    255,
    257,
    289,
    320,
    321,
    367,
    390,
    427,
    446,
    509,
    523,
    569,
    577,
    643,
    669,
    683,
    698,
    718,
    735,
    792,
    838,
    858,
    907,
    937,
    954,
    968,
    979,
    999
  ],
  "not_both_correct_indices": [
    0,
    1,
    4,
    5,
    6,
    7,
    8,
    9,
    10,
    11,
    12,
    13,
    15,
    16,
    18,
    19,
    20,
    21,
    22,
    23,
    26,
    28,
    29,
    30,
    31,
    32,
    35,
    36,
    38,
    40,
    41,
    42,
    43,
    44,
    45,
    49,
    50,
    51,
    55,
    56,
    58,
    59,
    63,
    64,
    66,
    68,
    69,
    70,
    72,
    74,
    75,
    79,
    80,
    85,
    88,
    89,
    92,
    93,
    94,
    97,
    98,
    100,
    102,
    103,
    104,
    105,
    106,
    107,
    108,
    109,
    112,
    113,
    114,
    115,
    116,
    117,
    119,
    120,
    124,
    125,
    127,
    128,
    131,
    132,
    134,
    136,
    138,
    140,
    141,
    142,
    143,
    144,
    145,
    146,
    147,
    148,
    149,
    150,
    151,
    152,
    153,
    155,
    156,
    157,
    158,
    159,
    160,
    163,
    164,
    165,
    166,
    167,
    168,
    170,
    171,
    172,
    173,
    174,
    176,
    178,
    179,
    181,
    182,
    183,
    184,
    185,
    186,
    187,
    188,
    191,
    192,
    193,
    194,
    195,
    196,
    197,
    198,
    199,
    200,
    201,
    202,
    203,
    205,
    208,
    209,
    210,
    211,
    212,
    213,
    215,
    216,
    217,
    218,
    219,
    221,
    224,
    225,
    226,
    227,
    229,
    230,
    231,
    232,
    234,
    235,
    236,
    238,
    239,
    243,
    245,
    247,
    248,
    249,
    250,
    252,
    253,
    256,
    259,
    261,
    262,
    264,
    265,
    266,
    268,
    272,
    273,
    274,
    275,
    276,
    277,
    278,
    279,
    280,
    283,
    284,
    285,
    286,
    287,
    288,
    292,
    293,
    294,
    298,
    299,
    300,
    302,
    303,
    304,
    306,
    307,
    308,
    310,
    312,
    313,
    315,
    317,
    322,
    323,
    324,
    326,
    328,
    329,
    330,
    332,
    334,
    336,
    337,
    338,
    341,
    342,
    344,
    346,
    347,
    348,
    349,
    350,
    351,
    352,
    354,
    357,
    358,
    359,
    361,
    362,
    363,
    364,
    365,
    366,
    368,
    369,
    370,
    371,
    372,
    374,
    377,
    378,
    379,
    380,
    381,
    382,
    383,
    384,
    385,
    386,
    387,
    388,
    391,
    392,
    395,
    396,
    397,
    398,
    399,
    400,
    401,
    402,
    403,
    404,
    405,
    407,
    409,
    410,
    411,
    413,
    414,
    415,
    416,
    418,
    419,
    425,
    426,
    428,
    429,
    430,
    432,
    433,
    434,
    435,
    436,
    437,
    438,
    439,
    440,
    441,
    442,
    443,
    444,
    447,
    448,
    449,
    451,
    452,
    453,
    454,
    455,
    456,
    458,
    459,
    460,
    461,
    462,
    463,
    464,
    465,
    467,
    468,
    469,
    470,
    472,
    475,
    476,
    477,
    478,
    479,
    480,
    481,
    482,
    483,
    485,
    486,
    488,
    489,
    490,
    491,
    492,
    493,
    495,
    496,
    497,
    498,
    500,
    501,
    506,
    507,
    508,
    510,
    512,
    513,
    515,
    517,
    518,
    522,
    524,
    525,
    526,
    527,
    529,
    530,
    531,
    532,
    533,
    534,
    535,
    536,
    537,
    538,
    539,
    540,
    541,
    542,
    543,
    545,
    546,
    547,
    549,
    551,
    552,
    553,
    554,
    558,
    559,
    560,
    561,
    562,
    563,
    564,
    566,
    567,
    568,
    570,
    572,
    573,
    574,
    575,
    576,
    578,
    579,
    580,
    582,
    583,
    584,
    585,
    586,
    587,
    588,
    589,
    590,
    591,
    592,
    593,
    595,
    597,
    598,
    599,
    600,
    601,
    602,
    603,
    604,
    605,
    606,
    607,
    608,
    610,
    611,
    612,
    615,
    616,
    617,
    618,
    619,
    620,
    621,
    622,
    623,
    625,
    626,
    627,
    628,
    630,
    631,
    633,
    634,
    635,
    636,
    637,
    638,
    639,
    640,
    641,
    642,
    644,
    647,
    648,
    649,
    651,
    652,
    653,
    655,
    656,
    657,
    659,
    662,
    663,
    664,
    665,
    666,
    667,
    668,
    670,
    671,
    672,
    673,
    674,
    675,
    676,
    678,
    679,
    680,
    684,
    686,
    688,
    689,
    692,
    693,
    695,
    697,
    699,
    701,
    703,
    704,
    705,
    706,
    707,
    708,
    709,
    711,
    712,
    714,
    715,
    716,
    719,
    720,
    721,
    722,
    723,
    726,
    727,
    728,
    729,
    731,
    732,
    734,
    736,
    737,
    742,
    743,
    744,
    745,
    746,
    747,
    748,
    749,
    750,
    751,
    754,
    756,
    757,
    759,
    761,
    762,
    764,
    765,
    766,
    768,
    770,
    772,
    777,
    778,
    779,
    780,
    781,
    782,
    783,
    784,
    785,
    786,
    787,
    788,
    789,
    791,
    793,
    795,
    796,
    797,
    798,
    799,
    800,
    802,
    804,
    805,
    806,
    807,
    808,
    809,
