{
  "n_total": 1000,
  "n_token_misaligned": 8,
  "token_misaligned_indices": [
    107,
    159,
    403,
    533,
    577,
    655,
    691,
    887
  ],
  "n_after_alignment_filter": 992,
  "clean_accuracy": 0.7651209677419355,
  "corrupted_accuracy": 0.7913306451612904,
  "both_correct_accuracy": 0.5695564516129032,
  "n_both_correct": 565,
  "both_correct_indices": [
    2,
    3,
    4,
    6,
    7,
    8,
    10,
    11,
    15,
    16,
    17,
    18,
    20,
    22,
    24,
    25,
    28,
    30,
    34,
    35,
    36,
    37,
    38,
    40,
    41,
    42,
    43,
    44,
    46,
    47,
    48,
    49,
    50,
    53,
    55,
    56,
    57,
    60,
    61,
    62,
    63,
    64,
    66,
    68,
    69,
    70,
    75,
    78,
    79,
    82,
    84,
    86,
    88,
    90,
    94,
    95,
    100,
    103,
    105,
    106,
    108,
    110,
    111,
    112,
    113,
    114,
    115,
    120,
    121,
    122,
    125,
    126,
    128,
    130,
    132,
    135,
    136,
    138,
    139,
    141,
    142,
    144,
    145,
    150,
    154,
    155,
    157,
    160,
    161,
    162,
    166,
    167,
    168,
    169,
    171,
    174,
    175,
    178,
    179,
    180,
    181,
    182,
    184,
    186,
    187,
    189,
    190,
    192,
    194,
    195,
    196,
    197,
    198,
    199,
    200,
    202,
    203,
    207,
    210,
    211,
    214,
    215,
    218,
    219,
    220,
    224,
    225,
    226,
    230,
    231,
    232,
    233,
    235,
    236,
    237,
    238,
    239,
    240,
    241,
    242,
    244,
    247,
    248,
    250,
    252,
    253,
    254,
    255,
    258,
    259,
    260,
    262,
    264,
    265,
    266,
    269,
    270,
    271,
    274,
    276,
    277,
    278,
    282,
    284,
    287,
    288,
    289,
    290,
    293,
    294,
    296,
    301,
    304,
    306,
    309,
    310,
    312,
    314,
    318,
    319,
    322,
    323,
    324,
    327,
    330,
    331,
    332,
    337,
    339,
    340,
    341,
    342,
    343,
    345,
    346,
    348,
    349,
    350,
    351,
    352,
    353,
    355,
    356,
    357,
    360,
    361,
    363,
    364,
    367,
    370,
    371,
    372,
    373,
    374,
    376,
    378,
    379,
    380,
    381,
    384,
    385,
    386,
    387,
    388,
    389,
    390,
    392,
    393,
    396,
    400,
    402,
    404,
    406,
    408,
    410,
    412,
    415,
    416,
    421,
    422,
    426,
    427,
    428,
    430,
    432,
    434,
    438,
    440,
    441,
    442,
    443,
    444,
    446,
    447,
    448,
    450,
    452,
    453,
    454,
    456,
    457,
    458,
    464,
    466,
    468,
    469,
    470,
    471,
    474,
    476,
    478,
    479,
    480,
    482,
    483,
    486,
    488,
    490,
    492,
    497,
    498,
    499,
    500,
    502,
    503,
    504,
    506,
    507,
    508,
    509,
    510,
    511,
    512,
    517,
    519,
    520,
    522,
    525,
    526,
    530,
    531,
    534,
    535,
    536,
    537,
    538,
    540,
    541,
    545,
    546,
    548,
    551,
    553,
    554,
    557,
    558,
    560,
    562,
    564,
    565,
    566,
    568,
    570,
    571,
    573,
    574,
    579,
    582,
    584,
    586,
    587,
    588,
    589,
    590,
    591,
    594,
    596,
    597,
    598,
    600,
    604,
    605,
    606,
    607,
    609,
    612,
    613,
    616,
    620,
    622,
    624,
    626,
    629,
    630,
    633,
    634,
    635,
    638,
    640,
    643,
    644,
    645,
    646,
    647,
    648,
    650,
    652,
    658,
    660,
    662,
    664,
    668,
    669,
    670,
    671,
    674,
    675,
    676,
    677,
    678,
    680,
    682,
    683,
    685,
    690,
    692,
    694,
    695,
    697,
    699,
    700,
    701,
    703,
    704,
    705,
    706,
    707,
    708,
    709,
    710,
    714,
    715,
    720,
    721,
    722,
    723,
    724,
    727,
    728,
    730,
    732,
    733,
    736,
    738,
    739,
    740,
    741,
    742,
    743,
    749,
    750,
    751,
    752,
    754,
    756,
    757,
    758,
    759,
    760,
    761,
    762,
    764,
    765,
    766,
    770,
    772,
    774,
    775,
    777,
    778,
    779,
    780,
    781,
    782,
    783,
    785,
    786,
    787,
    789,
    790,
    792,
    793,
    794,
    797,
    798,
    799,
    800,
    801,
    805,
    806,
    807,
    808,
    810,
    811,
    812,
    814,
    820,
    821,
    822,
    823,
    826,
    828,
    829,
    830,
    832,
    834,
    837,
    838,
    840,
    842,
    846,
    847,
    848,
    851,
    853,
    855,
    856,
    857,
    858,
    859,
    860,
    861,
    865,
    866,
    867,
    869,
    870,
    873,
    874,
    877,
    878,
    879,
    881,
    882,
    883,
    884,
    885,
    888,
    889,
    890,
    895,
    896,
    898,
    900,
    901,
    902,
    906,
    908,
    909,
    910,
    911,
    916,
    918,
    920,
    921,
    922,
    925,
    930,
    932,
    933,
    934,
    936,
    938,
    939,
    941,
    944,
    946,
    947,
    950,
    951,
    952,
    954,
    955,
    956,
    958,
    959,
    962,
    965,
    966,
    968,
    970,
    972,
    973,
    974,
    975,
    976,
    977,
    980,
    983,
    985,
    986,
    987,
    990,
    996,
    998
  ],