{
  "n_total": 288,
  "n_token_misaligned": 128,
  "token_misaligned_indices": [
    30,
    31,
    32,
    33,
    34,
    35,
    36,
    37,
    38,
    39,
    40,
    41,
    72,
    73,
    74,
    75,
    76,
    77,
    78,
    79,
    80,
    81,
    82,
    83,
    109,
    110,
    111,
    112,
    113,
    119,
    121,
    123,
    125,
    127,
    129,
    130,
    133,
    134,
    137,
    138,
    141,
    142,
    145,
    146,
    149,
    150,
    151,
    152,
    153,
    154,
    155,
    156,
    157,
    158,
    159,
    160,
    161,
    162,
    163,
    164,
    165,
    166,
    167,
    168,
    169,
    170,
    171,
    172,
    173,
    174,
    175,
    176,
    177,
    178,
    179,
    180,
    181,
    182,
    183,
    184,
    185,
    186,
    187,
    218,
    219,
    220,
    221,
    222,
    223,
    224,
    225,
    226,
    227,
    228,
    229,
    255,
    256,
    257,
    258,
    259,
    260,
    261,
    262,
    263,
    264,
    265,
    266,
    267,
    268,
    269,
    270,
    271,
    272,
    273,
    274,
    275,
    276,
    277,
    278,
    279,
    280,
    281,
    282,
    283,
    284,
    285,
    286,
    287
  ],
  "n_after_alignment_filter": 160,
  "clean_accuracy": 0.86875,
  "corrupted_accuracy": 0.8375,
  "both_correct_accuracy": 0.70625,
  "n_both_correct": 113,
  "both_correct_indices": [
    0,
    1,
    2,
    3,
    4,
    5,
    6,
    7,
    8,
    9,
    11,
    12,
    14,
    15,
    16,
    17,
    18,
    19,
    21,
    26,
    27,
    28,
    29,
    42,
    43,
    44,
    45,
    46,
    47,
    48,
    49,
    50,
    51,
    57,
    58,
    63,
    70,
    71,
    86,
    88,
    89,
    90,
    91,
    92,
    93,
    95,
    99,
    100,
    101,
    102,
    103,
    104,
    105,
    106,
    107,
    108,
    114,
    115,
    116,
    117,
    118,
    120,
    122,
    124,
    126,
    128,
    131,
    132,
    135,
    136,
    139,
    140,
    143,
    144,
    147,
    148,
    188,
    189,
    190,
    191,
    192,
    193,
    194,
    195,
    196,
    197,
    202,
    215,
    230,
    231,
    232,
    233,
    234,
    235,
    236,
    237,
    238,
    239,
    240,
    241,
    242,
    243,
    244,
    245,
    246,
    247,
    248,
    249,
    250,
    251,
    252,
    253,
    254
  ],
  "not_both_correct_indices": [
    10,
    13,
    20,
    22,
    23,
    24,
    25,
    52,
    53,
    54,
    55,
    56,
    59,
    60,
    61,
    62,
    64,
    65,
    66,
    67,
    68,
    69,
    84,
    85,
    87,
    94,
    96,
    97,
    98,
    198,
    199,
    200,
    201,
    203,
    204,
    205,
    206,
    207,
    208,
    209,
    210,
    211,
    212,
    213,
    214,
    216,
    217
  ],
  "clean_baseline": 10.5234375,
  "corrupted_baseline": -11.4140625
}