{
  "n_total": 1000,
  "n_token_misaligned": 172,
  "token_misaligned_indices": [
    1,
    9,
    10,
    16,
    20,
    24,
    28,
    30,
    36,
    56,
    58,
    62,
    66,
    67,
    74,
    75,
    76,
    77,
    79,
    80,
    87,
    94,
    95,
    96,
    99,
    106,
    114,
    123,
    130,
    131,
    142,
    155,
    160,
    163,
    177,
    178,
    186,
    189,
    198,
    211,
    212,
    220,
    232,
    233,
    240,
    251,
    254,
    258,
    266,
    273,
    274,
    277,
    282,
    284,
    286,
    303,
    311,
    320,
    324,
    325,
    339,
    345,
    347,
    357,
    372,
    375,
    380,
    394,
    417,
    419,
    423,
    426,
    439,
    444,
    449,
    464,
    480,
    481,
    484,
    490,
    494,
    499,
    512,
    513,
    537,
    539,
    544,
    553,
    556,
    559,
    561,
    564,
    570,
    573,
    574,
    585,
    593,
    596,
    617,
    618,
    622,
    633,
    636,
    648,
    654,
    663,
    665,
    667,
    669,
    670,
    672,
    677,
    678,
    681,
    690,
    691,
    693,
    700,
    701,
    702,
    705,
    706,
    710,
    717,
    725,
    727,
    741,
    744,
    753,
    756,
    761,
    765,
    769,
    780,
    787,
    793,
    796,
    799,
    801,
    810,
    812,
    814,
    816,
    822,
    823,
    824,
    834,
    837,
    841,
    850,
    860,
    868,
    871,
    879,
    899,
    917,
    926,
    928,
    930,
    938,
    945,
    952,
    959,
    961,
    963,
    965,
    971,
    975,
    984,
    987,
    993,
    998
  ],
  "n_after_alignment_filter": 828,
  "clean_accuracy": 0.6908212560386473,
  "corrupted_accuracy": 0.7004830917874396,
  "both_correct_accuracy": 0.391304347826087,
  "n_both_correct": 324,
  "both_correct_indices": [
    0,
    3,
    4,
    6,
    7,
    8,
    13,
    15,
    19,
    22,
    27,
    32,
    33,
    35,
    39,
    44,
    45,
    57,
    59,
    63,
    64,
    68,
    69,
    70,
    72,
    73,
    82,
    83,
    84,
    85,
    92,
    97,
    98,
    103,
    104,
    105,
    109,
    110,
    116,
    118,
    119,
    121,
    122,
    125,
    126,
    127,
    133,
    137,
    140,
    145,
    149,
    159,
    164,
    166,
    167,
    170,
    172,
    179,
    182,
    184,
    188,
    190,
    191,
    202,
    204,
    207,
    208,
    215,
    216,
    217,
    221,
    222,
    223,
    224,
    228,
    229,
    230,
    237,
    239,
    241,
    242,
    243,
    248,
    252,
    255,
    262,
    263,
    264,
    272,
    275,
    278,
    281,
    287,
    291,
    294,
    297,
    298,
    300,
    302,
    304,
    306,
    308,
    309,
    313,
    316,
    317,
    318,
    321,
    329,
    330,
    331,
    334,
    335,
    340,
    343,
    351,
    355,
    359,
    364,
    368,
    370,
    374,
    377,
    378,
    383,
    385,
    390,
    392,
    393,
    397,
    398,
    401,
    402,
    403,
    404,
    406,
    411,
    416,
    424,
    428,
    430,
    434,
    436,
    440,
    441,
    452,
    457,
    458,
    459,
    470,
    471,
    472,
    473,
    476,
    479,
    485,
    487,
    489,
    492,
    495,
    496,
    497,
    501,
    502,
    503,
    505,
    506,
    509,
    514,
    517,
    522,
    523,
    524,
    529,
    533,
    535,
    540,
    545,
    547,
    550,
    562,
    567,
    569,
    571,
    572,
    577,
    578,
    579,
    581,
    584,
    587,
    590,
    591,
    597,
    601,
    606,
    609,
    612,
    613,
    615,
    616,
    619,
    621,
    624,
    625,
    626,
    628,
    630,
    635,
    637,
    639,
    640,
    641,
    643,
    647,
    651,
    655,
    659,
    660,
    666,
    668,
    675,
    676,
    680,
    682,
    684,
    688,
    694,
    699,
    709,
    711,
    713,
    716,
    724,
    726,
    730,
    732,
    734,
    736,
    738,
    739,
    740,
    742,
    745,
    746,
    748,
    749,
    751,
    762,
    768,
    772,
    773,
    774,
    777,
    779,
    781,
    782,
    785,
    789,
    795,
    800,
    803,
    804,
    805,
    811,
    815,
    819,
    820,
    825,
    826,
    827,
    829,
    831,
    832,
    833,
    847,
    848,
    851,
    853,
    864,
    865,
    866,
    869,
    876,
    884,
    887,
    888,
    890,
    891,
    892,
    893,
    894,
    898,
    902,
    904,
    907,
    908,
    909,
    914,
    916,
    918,
    922,
    929,
    931,
    933,
    934,
    936,
    937,
    940,
    942,
    955,
    960,
    966,
    974,
    976,
    978,
    980,
    983,
    986,
    988,
    990,
    991,
    995,
    996
  ],