{
  "n_total": 1100,
  "n_token_misaligned": 0,
  "token_misaligned_indices": [],
  "n_after_alignment_filter": 1100,
  "clean_accuracy": 0.7890909090909091,
  "corrupted_accuracy": 0.7845454545454545,
  "both_correct_accuracy": 0.5736363636363636,
  "n_both_correct": 631,
  "both_correct_indices": [
    1,
    2,
    3,
    6,
    11,
    12,
    13,
    14,
    17,
    20,
    21,
    22,
    23,
    25,
    27,
    28,
    29,
    31,
    32,
    33,
    34,
    35,
    36,
    39,
    41,
    42,
    44,
    45,
    46,
    47,
    49,
    50,
    51,
    52,
    53,
    54,
    56,
    57,
    59,
    60,
    61,
    63,
    64,
    65,
    68,
    71,
    78,
    79,
    81,
    83,
    84,
    87,
    88,
    89,
    90,
    91,
    92,
    93,
    94,
    97,
    99,
    100,
    103,
    104,
    106,
    109,
    110,
    111,
    112,
    113,
    116,
    117,
    118,
    119,
    123,
    126,
    128,
    129,
    132,
    133,
    134,
    138,
    140,
    141,
    142,
    145,
    152,
    153,
    154,
    155,
    156,
    157,
    160,
    161,
    162,
    163,
    165,
    166,
    167,
    170,
    172,
    174,
    176,
    177,
    178,
    179,
    181,
    183,
    187,
    189,
    192,
    194,
    195,
    196,
    198,
    199,
    200,
    202,
    203,
    204,
    205,
    206,
    209,
    211,
    212,
    213,
    215,
    216,
    218,
    220,
    222,
    224,
    226,
    230,
    231,
    233,
    237,
    240,
    241,
    242,
    243,
    245,
    246,
    247,
    248,
    250,
    251,
    253,
    254,
    256,
    258,
    260,
    262,
    263,
    266,
    269,
    272,
    274,
    275,
    276,
    277,
    279,
    280,
    281,
    282,
    283,
    284,
    290,
    291,
    292,
    293,
    295,
    296,
    298,
    301,
    303,
    305,
    306,
    308,
    310,
    311,
    312,
    313,
    314,
    316,
    317,
    319,
    320,
    321,
    322,
    323,
    325,
    327,
    328,
    329,
    331,
    332,
    334,
    335,
    336,
    342,
    343,
    344,
    345,
    347,
    350,
    351,
    352,
    354,
    355,
    358,
    360,
    365,
    366,
    367,
    369,
    370,
    371,
    372,
    373,
    375,
    377,
    380,
    382,
    383,
    386,
    387,
    388,
    391,
    395,
    396,
    397,
    398,
    399,
    400,
    401,
    404,
    410,
    412,
    413,
    414,
    415,
    417,
    418,
    420,
    422,
    424,
    425,
    427,
    428,
    434,
    437,
    438,
    441,
    443,
    447,
    449,
    450,
    452,
    455,
    462,
    463,
    465,
    469,
    470,
    473,
    474,
    477,
    478,
    481,
    483,
    484,
    485,
    486,
    487,
    488,
    489,
    490,
    491,
    493,
    494,
    495,
    496,
    498,
    501,
    504,
    505,
    506,
    507,
    509,
    510,
    511,
    512,
    514,
    517,
    519,
    521,
    522,
    523,
    525,
    526,
    528,
    530,
    533,
    534,
    535,
    537,
    538,
    545,
    549,
    550,
    551,
    552,
    555,
    556,
    558,
    560,
    561,
    564,
    565,
    566,
    567,
    568,
    569,
    570,
    573,
    574,
    575,
    576,
    577,
    579,
    580,
    581,
    583,
    584,
    587,
    588,
    589,
    590,
    595,
    596,
    597,
    602,
    603,
    604,
    605,
    606,
    608,
    609,
    611,
    612,
    613,
    615,
    616,
    617,
    618,
    620,
    621,
    625,
    626,
    627,
    628,
    629,
    632,
    633,
    634,
    635,
    637,
    642,
    643,
    644,
    645,
    646,
    647,
    648,
    649,
    650,
    652,
    653,
    654,
    655,
    656,
    657,
    658,
    660,
    662,
    663,
    664,
    666,
    667,
    669,
    670,
    677,
    679,
    680,
    681,
    682,
    683,
    684,
    685,
    686,
    690,
    691,
    692,
    696,
    699,
    701,
    703,
    705,
    706,
    707,
    708,
    710,
    711,
    712,
    715,
    718,
    719,
    720,
    722,
    724,
    728,
    730,
    731,
    734,
    735,
    737,
    738,
    739,
    740,
    742,
    744,
    748,
    752,
    755,
    756,
    758,
    760,
    761,
    765,
    766,
    769,
    771,
    775,
    777,
    778,
    779,
    780,
    781,
    782,
    783,
    784,
    786,
    790,
    791,
    792,
    793,
    794,
    795,
    796,
    797,
    800,
    801,
    802,
    803,
    804,
    805,
    806,
    810,
    811,
    814,
    816,
    818,
    820,
    821,
    824,
    825,
    827,
    828,
    830,
    831,
    833,
    834,
    835,
    837,
    838,
    839,
    841,
    843,
    848,
    849,
    851,
    853,
    855,
    856,
    857,
    858,
    860,
    861,
    863,
    864,
    865,
    866,
    867,
    868,
    871,
    872,
    873,
    874,
    875,
    876,
    877,
    880,
    881,
    883,
    884,
    887,
    889,
    890,
    891,
    895,
    899,
    900,
    904,
    906,
    908,
    915,
    921,
    923,
    924,
    931,
    932,
    934,
    936,
    937,
    939,
    941,
    943,
    948,
    949,
    950,
    952,
    954,
    955,
    956,
    957,
    958,
    959,
    960,
    961,
    962,
    965,
    966,
    969,
    970,
    971,
    973,
    974,
    975,
    976,
    978,
    979,
    985,
    986,
    987,
    988,
    989,
    990,
    992,
    994,
    995,
    1000,
    1002,
    1003,
    1005,
    1006,
    1007,
    1008,
    1009,
    1011,
    1013,
    1015,
    1019,
    1020,
    1021,
    1022,
    1024,
    1026,
    1028,
    1029,
    1030,
    1032,
    1033,
    1034,
    1035,
    1036,
    1038,
    1040,
    1041,
    1042,
    1043,
    1044,
    1045,
    1047,
    1049,
    1050,
    1051,
    1052,
    1055,
    1057,
    1058,
    1059,
    1062,
    1064,
    1065,
    1066,
    1067,
    1068,
    1069,
    1070,
    1072,
    1075,
    1080,
    1082,
    1083,
    1087,
    1090,
    1093,
    1094,
    1096,
    1098
  ],