{
  "n_total": 932,
  "n_token_misaligned": 0,
  "token_misaligned_indices": [],
  "n_after_alignment_filter": 932,
  "clean_accuracy": 0.8969957081545065,
  "corrupted_accuracy": 0.9002145922746781,
  "both_correct_accuracy": 0.8004291845493562,
  "n_both_correct": 746,
  "both_correct_indices": [
    0,
    1,
    2,
    3,
    4,
    6,
    7,
    8,
    9,
    10,
    11,
    12,
    13,
    14,
    16,
    18,
    19,
    21,
    22,
    24,
    25,
    26,
    28,
    30,
    31,
    32,
    33,
    35,
    37,
    38,
    40,
    41,
    45,
    46,
    48,
    49,
    51,
    52,
    53,
    54,
    55,
    57,
    58,
    59,
    60,
    61,
    62,
    63,
    68,
    69,
    70,
    71,
    73,
    74,
    75,
    76,
    77,
    78,
    79,
    80,
    81,
    82,
    83,
    84,
    85,
    86,
    87,
    88,
    89,
    91,
    92,
    93,
    94,
    95,
    96,
    97,
    98,
    99,
    100,
    101,
    102,
    103,
    104,
    105,
    106,
    107,
    111,
    112,
    113,
    115,
    117,
    119,
    120,
    121,
    122,
    123,
    124,
    125,
    126,
    127,
    128,
    130,
    131,
    134,
    136,
    137,
    138,
    139,
    140,
    141,
    142,
    143,
    144,
    146,
    148,
    149,
    151,
    152,
    155,
    156,
    157,
    158,
    161,
    163,
    167,
    168,
    169,
    170,
    171,
    173,
    174,
    175,
    177,
    178,
    179,
    180,
    181,
    182,
    183,
    184,
    185,
    186,
    187,
    188,
    189,
    190,
    191,
    192,
    193,
    194,
    195,
    197,
    198,
    200,
    201,
    202,
    204,
    205,
    206,
    207,
    208,
    209,
    210,
    211,
    212,
    213,
    214,
    215,
    216,
    217,
    218,
    219,
    220,
    221,
    222,
    223,
    226,
    228,
    229,
    230,
    231,
    232,
    233,
    235,
    236,
    237,
    239,
    240,
    241,
    243,
    244,
    247,
    248,
    249,
    250,
    251,
    252,
    254,
    255,
    257,
    258,
    259,
    260,
    261,
    262,
    263,
    264,
    265,
    267,
    268,
    269,
    270,
    271,
    272,
    273,
    274,
    275,
    276,
    277,
    278,
    279,
    280,
    281,
    282,
    283,
    284,
    286,
    287,
    288,
    289,
    290,
    291,
    292,
    293,
    294,
    295,
    296,
    298,
    299,
    301,
    302,
    303,
    304,
    305,
    306,
    307,
    308,
    309,
    310,
    311,
    312,
    313,
    314,
    317,
    318,
    319,
    320,
    321,
    322,
    323,
    324,
    325,
    326,
    328,
    330,
    331,
    332,
    333,
    334,
    335,
    336,
    337,
    338,
    339,
    340,
    341,
    342,
    343,
    344,
    346,
    348,
    350,
    351,
    352,
    353,
    354,
    355,
    356,
    359,
    360,
    361,
    363,
    365,
    367,
    368,
    369,
    370,
    371,
    373,
    374,
    375,
    378,
    379,
    381,
    382,
    385,
    387,
    388,
    389,
    390,
    391,
    392,
    393,
    394,
    395,
    397,
    399,
    400,
    401,
    402,
    406,
    407,
    408,
    410,
    411,
    415,
    416,
    417,
    418,
    419,
    420,
    421,
    422,
    424,
    426,
    427,
    428,
    429,
    430,
    431,
    432,
    434,
    436,
    437,
    438,
    440,
    441,
    443,
    444,
    445,
    447,
    448,
    450,
    451,
    455,
    456,
    457,
    459,
    460,
    461,
    462,
    463,
    464,
    468,
    470,
    471,
    473,
    474,
    475,
    476,
    477,
    478,
    479,
    481,
    482,
    483,
    484,
    485,
    486,
    487,
    488,
    489,
    490,
    491,
    494,
    495,
    496,
    497,
    498,
    499,
    501,
    502,
    503,
    504,
    506,
    507,
    508,
    509,
    511,
    512,
    513,
    514,
    515,
    516,
    517,
    518,
    519,
    521,
    523,
    524,
    525,
    526,
    527,
    528,
    530,
    531,
    534,
    535,
    536,
    537,
    538,
    539,
    540,
    541,
    542,
    544,
    545,
    546,
    548,
    549,
    550,
    551,
    552,
    553,
    555,
    556,
    557,
    558,
    560,
    561,
    564,
    565,
    566,
    568,
    569,
    571,
    572,
    573,
    574,
    575,
    576,
    577,
    578,
    580,
    581,
    582,
    583,
    584,
    585,
    586,
    588,
    589,
    590,
    591,
    592,
    593,
    594,
    595,
    598,
    599,
    600,
    602,
    603,
    605,
    606,
    608,
    609,
    610,
    611,
    612,
    613,
    614,
    615,
    617,
    618,
    619,
    620,
    621,
    622,
    623,
    624,
    625,
    626,
    628,
    629,
    630,
    632,
    634,
    635,
    636,
    637,
    638,
    639,
    640,
    642,
    643,
    644,
    645,
    646,
    647,
    648,
    650,
    654,
    655,
    656,
    657,
    658,
    659,
    660,
    661,
    662,
    663,
    664,
    666,
    667,
    668,
    669,
    672,
    673,
    674,
    675,
    677,
    678,
    679,
    681,
    683,
    685,
    686,
    688,
    689,
    693,
    694,
    695,
    696,
    697,
    698,
    699,
    700,
    701,
    702,
    704,
    706,
    707,
    708,
    709,
    710,
    713,
    714,
    715,
    716,
    717,
    718,
    719,
    720,
    721,
    722,
    723,
    724,
    725,
    726,
    727,
    728,
    729,
    730,
    732,
    733,
    734,
    735,
    736,
    737,
    738,
    739,
    740,
    741,
    742,
    743,
    744,
    745,
    746,
    748,
    750,
    751,
    753,
    754,
    755,
    756,
    757,
    758,
    759,
    760,
    762,
    763,
    764,
    766,
    767,
    768,
    769,
    770,
    772,
    774,
    775,
    776,
    778,
    779,
    781,
    782,
    783,
    784,
    786,
    787,
    788,
    789,
    791,
    793,
    794,
    795,
    796,
    797,
    798,
    799,
    801,
    802,
    803,
    804,
    805,
    806,
    807,
    808,
    809,
    810,
    811,
    814,
    815,
    816,
    817,
    818,
    819,
    820,
    821,
    822,
    823,
    824,
    826,
    827,
    828,
    830,
    831,
    832,
    833,
    834,
    835,
    836,
    838,
    839,
    840,
    842,
    843,
    844,
    845,
    846,
    847,
    851,
    852,
    853,
    854,
    855,
    856,
    857,
    858,
    859,
    860,
    861,
    862,
    863,
    864,
    865,
    866,
    868,
    869,
    870,
    871,
    872,
    873,
    874,
    875,
    876,
    877,
    878,
    880,
    881,
    882,
    883,
    884,
    885,
    886,
    887,
    888,
    889,
    891,
    892,
    893,
    894,
    895,
    896,
    897,
    898,
    899,
    900,
    901,
    902,
    903,
    904,
    907,
    908,
    909,
    910,
    911,
    912,
    913,
    914,
    915,
    916,
    918,
    919,
    920,
    921,
    922,
    923,
    924,
    925,
    926,
    927,
    928,
    929,
    930,
    931
  ],