{
  "n_total": 1100,
  "n_token_misaligned": 65,
  "token_misaligned_indices": [
    33,
    35,
    69,
    72,
    74,
    79,
    97,
    108,
    118,
    120,
    133,
    148,
    313,
    338,
    351,
    356,
    389,
    401,
    411,
    424,
    477,
    491,
    507,
    514,
    539,
    570,
    577,
    584,
    604,
    661,
    675,
    679,
    683,
    689,
    690,
    694,
    703,
    710,
    718,
    728,
    760,
    764,
    769,
    784,
    787,
    804,
    846,
    847,
    865,
    873,
    899,
    912,
    925,
    956,
    959,
    969,
    978,
    986,
    1000,
    1017,
    1025,
    1057,
    1058,
    1066,
    1073
  ],
  "n_after_alignment_filter": 1035,
  "clean_accuracy": 0.8927536231884058,
  "corrupted_accuracy": 0.8357487922705314,
  "both_correct_accuracy": 0.7285024154589372,
  "n_both_correct": 754,
  "both_correct_indices": [
    0,
    2,
    3,
    4,
    5,
    6,
    7,
    8,
    10,
    11,
    12,
    14,
    15,
    16,
    17,
    19,
    21,
    22,
    23,
    25,
    30,
    31,
    34,
    36,
    37,
    38,
    39,
    40,
    41,
    42,
    43,
    45,
    47,
    48,
    49,
    50,
    51,
    52,
    54,
    56,
    59,
    60,
    61,
    62,
    63,
    64,
    65,
    66,
    67,
    68,
    70,
    71,
    73,
    75,
    76,
    77,
    80,
    82,
    84,
    86,
    87,
    89,
    90,
    91,
    96,
    98,
    100,
    101,
    102,
    103,
    104,
    105,
    106,
    107,
    109,
    112,
    113,
    115,
    117,
    121,
    122,
    124,
    125,
    126,
    127,
    128,
    129,
    130,
    131,
    132,
    134,
    136,
    137,
    140,
    141,
    143,
    144,
    146,
    149,
    151,
    152,
    153,
    154,
    156,
    157,
    158,
    159,
    160,
    162,
    164,
    165,
    166,
    167,
    168,
    169,
    170,
    171,
    176,
    177,
    178,
    180,
    183,
    185,
    186,
    188,
    194,
    195,
    196,
    199,
    200,
    201,
    202,
    203,
    207,
    209,
    211,
    212,
    213,
    215,
    216,
    217,
    219,
    220,
    222,
    224,
    225,
    227,
    229,
    230,
    231,
    232,
    234,
    236,
    237,
    238,
    239,
    240,
    242,
    243,
    244,
    245,
    246,
    247,
    249,
    250,
    251,
    252,
    255,
    256,
    257,
    258,
    259,
    260,
    262,
    264,
    267,
    269,
    271,
    272,
    273,
    275,
    277,
    278,
    280,
    281,
    284,
    285,
    286,
    287,
    288,
    289,
    290,
    292,
    293,
    294,
    295,
    297,
    298,
    299,
    300,
    302,
    303,
    304,
    305,
    308,
    309,
    310,
    311,
    312,
    314,
    316,
    317,
    318,
    319,
    320,
    322,
    323,
    325,
    327,
    328,
    330,
    331,
    332,
    333,
    334,
    335,
    337,
    339,
    340,
    341,
    343,
    345,
    346,
    347,
    349,
    350,
    352,
    355,
    357,
    358,
    359,
    361,
    362,
    363,
    364,
    365,
    366,
    367,
    368,
    369,
    370,
    371,
    372,
    373,
    374,
    375,
    376,
    377,
    378,
    379,
    380,
    383,
    384,
    385,
    386,
    387,
    388,
    390,
    391,
    392,
    393,
    394,
    395,
    396,
    397,
    400,
    402,
    403,
    404,
    406,
    407,
    408,
    409,
    410,
    412,
    413,
    414,
    415,
    416,
    417,
    418,
    420,
    421,
    422,
    423,
    426,
    427,
    429,
    430,
    431,
    432,
    433,
    434,
    438,
    439,
    440,
    441,
    442,
    443,
    444,
    445,
    446,
    447,
    448,
    450,
    451,
    452,
    453,
    454,
    455,
    456,
    457,
    458,
    459,
    460,
    461,
    462,
    463,
    464,
    465,
    467,
    468,
    471,
    472,
    473,
    474,
    475,
    476,
    478,
    479,
    480,
    481,
    482,
    485,
    487,
    488,
    489,
    490,
    492,
    494,
    495,
    496,
    497,
    500,
    501,
    502,
    503,
    504,
    505,
    506,
    508,
    509,
    510,
    511,
    512,
    513,
    515,
    516,
    517,
    519,
    520,
    521,
    522,
    526,
    527,
    528,
    529,
    530,
    531,
    535,
    537,
    542,
    543,
    544,
    545,
    547,
    549,
    551,
    552,
    553,
    555,
    556,
    557,
    560,
    561,
    563,
    564,
    566,
    569,
    571,
    572,
    573,
    575,
    576,
    578,
    580,
    581,
    582,
    583,
    585,
    586,
    587,
    588,
    589,
    590,
    591,
    592,
    593,
    594,
    595,
    596,
    597,
    598,
    599,
    600,
    601,
    602,
    605,
    606,
    607,
    608,
    609,
    610,
    612,
    613,
    614,
    615,
    616,
    617,
    618,
    619,
    620,
    622,
    625,
    626,
    627,
    628,
    629,
    634,
    636,
    637,
    639,
    640,
    641,
    642,
    643,
    644,
    645,
    650,
    652,
    653,
    655,
    658,
    662,
    663,
    664,
    665,
    666,
    667,
    668,
    669,
    670,
    671,
    672,
    673,
    674,
    676,
    678,
    681,
    682,
    684,
    685,
    687,
    688,
    691,
    692,
    693,
    695,
    698,
    699,
    700,
    702,
    705,
    707,
    708,
    709,
    711,
    712,
    713,
    714,
    716,
    717,
    719,
    723,
    725,
    727,
    731,
    732,
    733,
    734,
    735,
    737,
    739,
    740,
    741,
    742,
    743,
    746,
    748,
    749,
    750,
    752,
    753,
    755,
    756,
    757,
    758,
    759,
    762,
    763,
    765,
    766,
    767,
    768,
    771,
    772,
    773,
    774,
    775,
    777,
    778,
    779,
    780,
    781,
    782,
    785,
    786,
    788,
    789,
    790,
    791,
    794,
    796,
    797,
    798,
    800,
    801,
    802,
    803,
    805,
    806,
    808,
    809,
    811,
    812,
    813,
    816,
    817,
    818,
    820,
    822,
    823,
    824,
    827,
    829,
    830,
    831,
    832,
    833,
    834,
    835,
    836,
    838,
    840,
    842,
    843,
    845,
    848,
    849,
    850,
    853,
    855,
    856,
    858,
    859,
    861,
    862,
    866,
    867,
    869,
    870,
    871,
    872,
    874,
    875,
    876,
    877,
    878,
    879,
    880,
    882,
    885,
    888,
    889,
    890,
    891,
    892,
    893,
    894,
    895,
    896,
    897,
    900,
    901,
    902,
    903,
    904,
    905,
    906,
    907,
    908,
    909,
    910,
    911,
    913,
    914,
    915,
    916,
    917,
    918,
    921,
    922,
    923,
    924,
    927,
    928,
    930,
    931,
    932,
    934,
    936,
    938,
    940,
    941,
    942,
    943,
    947,
    948,
    950,
    951,
    952,
    955,
    957,
    958,
    961,
    962,
    964,
    965,
    966,
    967,
    968,
    970,
    972,
    973,
    974,
    976,
    977,
    979,
    981,
    982,
    983,
    985,
    988,
    989,
    992,
    993,
    994,
    995,
    996,
    997,
    999,
    1001,
    1002,
    1003,
    1004,
    1005,
    1006,
    1009,
    1010,
    1011,
    1012,
    1013,
    1014,
    1015,
    1016,
    1020,
    1021,
    1022,
    1023,
    1024,
    1027,
    1028,
    1030,
    1031,
    1032,
    1033,
    1035,
    1036,
    1038,
    1039,
    1040,
    1042,
    1043,
    1044,
    1046,
    1047,
    1049,
    1050,
    1052,
    1054,
    1060,
    1062,
    1064,
    1065,
    1068,
    1071,
    1072,
    1074,
    1076,
    1077,
    1078,
    1079,
    1081,
    1082,
    1084,
    1085,
    1088,
    1089,
    1090,
    1091,
    1092,
    1094,
    1095,
    1096
  ],