{
  "n_total": 1000,
  "n_token_misaligned": 42,
  "token_misaligned_indices": [
    1,
    16,
    24,
    47,
    62,
    65,
    139,
    176,
    203,
    206,
    239,
    249,
    301,
    303,
    340,
    357,
    381,
    405,
    411,
    443,
    444,
    505,
    510,
    520,
    531,
    574,
    628,
    641,
    693,
    701,
    716,
    730,
    771,
    778,
    788,
    832,
    837,
    914,
    936,
    959,
    960,
    985
  ],
  "n_after_alignment_filter": 958,
  "clean_accuracy": 0.8183716075156576,
  "corrupted_accuracy": 0.8528183716075156,
  "both_correct_accuracy": 0.6711899791231732,
  "n_both_correct": 643,
  "both_correct_indices": [
    3,
    4,
    5,
    6,
    8,
    9,
    10,
    11,
    12,
    13,
    14,
    18,
    21,
    23,
    25,
    26,
    27,
    30,
    31,
    33,
    35,
    36,
    37,
    38,
    39,
    40,
    41,
    44,
    45,
    46,
    48,
    49,
    51,
    52,
    53,
    54,
    55,
    57,
    59,
    61,
    63,
    64,
    67,
    69,
    70,
    72,
    73,
    75,
    76,
    77,
    80,
    81,
    82,
    84,
    85,
    86,
    87,
    91,
    92,
    93,
    94,
    96,
    97,
    98,
    99,
    100,
    101,
    103,
    104,
    105,
    106,
    107,
    108,
    109,
    111,
    112,
    114,
    115,
    116,
    119,
    121,
    123,
    124,
    125,
    126,
    127,
    131,
    132,
    135,
    136,
    137,
    138,
    140,
    141,
    142,
    146,
    148,
    149,
    150,
    151,
    154,
    155,
    156,
    157,
    158,
    160,
    161,
    162,
    165,
    166,
    167,
    168,
    170,
    171,
    172,
    173,
    174,
    175,
    177,
    178,
    180,
    181,
    182,
    183,
    184,
    189,
    190,
    191,
    195,
    196,
    197,
    199,
    200,
    201,
    202,
    205,
    207,
    208,
    210,
    211,
    213,
    214,
    218,
    219,
    222,
    223,
    224,
    227,
    228,
    230,
    231,
    232,
    236,
    237,
    238,
    240,
    241,
    243,
    245,
    247,
    250,
    253,
    254,
    255,
    256,
    257,
    258,
    261,
    262,
    263,
    264,
    265,
    267,
    269,
    270,
    272,
    273,
    274,
    275,
    276,
    277,
    278,
    281,
    282,
    283,
    284,
    285,
    286,
    287,
    290,
    291,
    292,
    293,
    295,
    296,
    298,
    299,
    300,
    302,
    304,
    306,
    307,
    308,
    309,
    314,
    317,
    318,
    319,
    320,
    321,
    323,
    324,
    325,
    327,
    329,
    331,
    333,
    334,
    335,
    337,
    339,
    341,
    343,
    345,
    347,
    348,
    350,
    352,
    353,
    356,
    358,
    360,
    361,
    362,
    365,
    366,
    368,
    371,
    372,
    373,
    375,
    376,
    377,
    379,
    380,
    383,
    385,
    387,
    389,
    390,
    391,
    393,
    394,
    395,
    396,
    397,
    399,
    401,
    402,
    403,
    404,
    407,
    408,
    410,
    414,
    416,
    419,
    420,
    421,
    422,
    423,
    424,
    425,
    426,
    430,
    431,
    432,
    433,
    436,
    437,
    441,
    442,
    446,
    447,
    449,
    450,
    451,
    454,
    455,
    456,
    457,
    460,
    461,
    463,
    464,
    466,
    467,
    468,
    469,
    470,
    472,
    473,
    475,
    477,
    480,
    481,
    482,
    483,
    484,
    486,
    487,
    490,
    491,
    492,
    493,
    496,
    498,
    500,
    501,
    502,
    503,
    504,
    506,
    507,
    512,
    513,
    514,
    516,
    517,
    519,
    523,
    525,
    526,
    527,
    528,
    529,
    530,
    532,
    533,
    534,
    535,
    539,
    540,
    541,
    542,
    543,
    544,
    545,
    546,
    548,
    549,
    553,
    555,
    556,
    557,
    558,
    559,
    560,
    562,
    566,
    567,
    569,
    571,
    572,
    573,
    575,
    576,
    577,
    578,
    579,
    582,
    583,
    584,
    585,
    587,
    589,
    590,
    591,
    595,
    596,
    597,
    598,
    601,
    602,
    603,
    604,
    605,
    606,
    607,
    608,
    609,
    610,
    611,
    613,
    615,
    617,
    618,
    622,
    624,
    626,
    629,
    630,
    631,
    632,
    634,
    635,
    637,
    638,
    639,
    643,
    644,
    645,
    646,
    648,
    649,
    651,
    652,
    653,
    655,
    656,
    657,
    658,
    661,
    664,
    665,
    666,
    669,
    670,
    671,
    673,
    674,
    676,
    677,
    678,
    680,
    681,
    682,
    683,
    684,
    685,
    686,
    687,
    688,
    689,
    690,
    691,
    692,
    695,
    696,
    697,
    698,
    702,
    703,
    704,
    706,
    707,
    709,
    710,
    712,
    713,
    717,
    718,
    720,
    721,
    724,
    725,
    726,
    729,
    731,
    732,
    733,
    737,
    738,
    739,
    741,
    743,
    744,
    747,
    749,
    750,
    751,
    753,
    754,
    755,
    756,
    758,
    759,
    761,
    762,
    765,
    766,
    768,
    769,
    770,
    772,
    774,
    775,
    779,
    780,
    782,
    783,
    785,
    786,
    789,
    795,
    796,
    798,
    799,
    800,
    801,
    802,
    803,
    804,
    807,
    808,
    810,
    811,
    812,
    813,
    814,
    815,
    816,
    818,
    819,
    820,
    821,
    822,
    823,
    824,
    825,
    826,
    827,
    828,
    830,
    831,
    833,
    834,
    835,
    836,
    838,
    841,
    842,
    843,
    845,
    846,
    847,
    849,
    850,
    851,
    852,
    855,
    857,
    858,
    859,
    860,
    862,
    863,
    865,
    866,
    868,
    869,
    870,
    871,
    872,
    873,
    874,
    877,
    878,
    879,
    880,
    885,
    886,
    887,
    889,
    890,
    891,
    894,
    896,
    897,
    898,
    900,
    901,
    902,
    904,
    908,
    909,
    911,
    912,
    913,
    916,
    919,
    920,
    922,
    923,
    924,
    925,
    926,
    927,
    928,
    929,
    930,
    931,
    933,
    934,
    935,
    937,
    938,
    942,
    943,
    945,
    946,
    948,
    949,
    950,
    952,
    958,
    961,
    963,
    965,
    966,
    967,
    968,
    969,
    970,
    971,
    972,
    973,
    974,
    975,
    977,
    978,
    981,
    983,
    984,
    988,
    989,
    990,
    991,
    993,
    995,
    996,
    997,
    998
  ],