{
  "n_total": 1100,
  "n_token_misaligned": 0,
  "token_misaligned_indices": [],
  "n_after_alignment_filter": 1100,
  "clean_accuracy": 0.9072727272727272,
  "corrupted_accuracy": 0.9136363636363637,
  "both_correct_accuracy": 0.8227272727272728,
  "n_both_correct": 905,
  "both_correct_indices": [
    0,
    1,
    2,
    3,
    4,
    5,
    6,
    8,
    10,
    11,
    12,
    13,
    14,
    15,
    17,
    18,
    19,
    20,
    22,
    23,
    25,
    27,
    28,
    29,
    30,
    31,
    32,
    33,
    34,
    35,
    37,
    38,
    41,
    42,
    43,
    44,
    45,
    47,
    48,
    49,
    51,
    52,
    53,
    54,
    56,
    57,
    58,
    59,
    60,
    61,
    62,
    63,
    64,
    65,
    69,
    71,
    72,
    74,
    76,
    77,
    78,
    79,
    80,
    81,
    82,
    83,
    84,
    86,
    87,
    89,
    91,
    92,
    93,
    94,
    95,
    97,
    98,
    99,
    100,
    101,
    102,
    103,
    104,
    105,
    106,
    107,
    108,
    109,
    110,
    111,
    112,
    114,
    116,
    117,
    119,
    120,
    121,
    122,
    123,
    124,
    126,
    127,
    128,
    132,
    133,
    134,
    135,
    136,
    137,
    138,
    139,
    140,
    141,
    142,
    143,
    144,
    145,
    149,
    150,
    152,
    153,
    154,
    155,
    156,
    157,
    158,
    159,
    160,
    161,
    162,
    164,
    165,
    166,
    167,
    169,
    170,
    171,
    172,
    173,
    175,
    176,
    178,
    179,
    180,
    181,
    182,
    183,
    184,
    185,
    186,
    187,
    188,
    189,
    191,
    192,
    194,
    195,
    196,
    198,
    199,
    200,
    201,
    202,
    203,
    204,
    205,
    206,
    208,
    209,
    210,
    211,
    212,
    213,
    214,
    216,
    217,
    219,
    220,
    221,
    222,
    223,
    225,
    226,
    227,
    228,
    229,
    230,
    231,
    232,
    233,
    234,
    235,
    236,
    237,
    238,
    240,
    241,
    242,
    243,
    244,
    245,
    246,
    247,
    248,
    249,
    250,
    251,
    254,
    255,
    256,
    257,
    258,
    259,
    260,
    262,
    263,
    265,
    266,
    269,
    270,
    272,
    273,
    274,
    275,
    276,
    277,
    278,
    279,
    280,
    281,
    283,
    284,
    285,
    286,
    287,
    288,
    289,
    290,
    291,
    292,
    293,
    294,
    295,
    296,
    297,
    298,
    299,
    300,
    301,
    302,
    304,
    305,
    306,
    308,
    309,
    310,
    311,
    314,
    315,
    316,
    317,
    318,
    319,
    320,
    321,
    322,
    323,
    325,
    326,
    328,
    329,
    331,
    332,
    333,
    335,
    336,
    337,
    339,
    340,
    342,
    343,
    344,
    347,
    348,
    349,
    351,
    352,
    353,
    355,
    356,
    357,
    358,
    359,
    360,
    361,
    362,
    364,
    365,
    366,
    367,
    369,
    370,
    371,
    372,
    373,
    375,
    377,
    378,
    380,
    381,
    382,
    383,
    384,
    385,
    386,
    388,
    389,
    391,
    392,
    394,
    395,
    396,
    397,
    398,
    399,
    400,
    401,
    402,
    403,
    404,
    405,
    406,
    407,
    408,
    409,
    410,
    412,
    413,
    414,
    415,
    416,
    417,
    418,
    419,
    420,
    421,
    422,
    423,
    424,
    425,
    427,
    428,
    429,
    430,
    431,
    432,
    433,
    434,
    435,
    436,
    437,
    438,
    439,
    440,
    441,
    443,
    446,
    447,
    448,
    449,
    450,
    452,
    455,
    456,
    457,
    459,
    460,
    461,
    462,
    463,
    464,
    465,
    466,
    467,
    469,
    470,
    471,
    473,
    475,
    477,
    478,
    479,
    482,
    483,
    484,
    486,
    487,
    488,
    489,
    491,
    492,
    493,
    494,
    495,
    496,
    497,
    498,
    499,
    501,
    503,
    504,
    505,
    506,
    507,
    508,
    509,
    510,
    511,
    512,
    513,
    514,
    515,
    517,
    518,
    519,
    521,
    523,
    524,
    525,
    526,
    528,
    529,
    530,
    531,
    533,
    534,
    535,
    536,
    537,
    539,
    540,
    541,
    542,
    543,
    544,
    546,
    547,
    549,
    550,
    551,
    555,
    556,
    557,
    558,
    559,
    560,
    563,
    564,
    565,
    566,
    567,
    568,
    569,
    571,
    572,
    573,
    574,
    575,
    576,
    577,
    578,
    579,
    580,
    581,
    582,
    583,
    584,
    585,
    586,
    587,
    588,
    589,
    590,
    591,
    592,
    593,
    595,
    596,
    597,
    598,
    600,
    601,
    602,
    603,
    604,
    605,
    606,
    607,
    608,
    609,
    610,
    611,
    612,
    613,
    617,
    618,
    619,
    620,
    621,
    622,
    623,
    626,
    627,
    629,
    630,
    631,
    632,
    633,
    634,
    635,
    636,
    637,
    640,
    641,
    642,
    643,
    644,
    645,
    646,
    647,
    648,
    649,
    650,
    652,
    653,
    654,
    655,
    656,
    658,
    659,
    660,
    661,
    662,
    663,
    665,
    666,
    667,
    668,
    669,
    671,
    672,
    673,
    675,
    676,
    677,
    678,
    680,
    681,
    682,
    683,
    684,
    686,
    688,
    689,
    690,
    691,
    692,
    693,
    694,
    695,
    696,
    697,
    699,
    700,
    701,
    703,
    704,
    705,
    706,
    707,
    708,
    709,
    711,
    712,
    713,
    714,
    715,
    716,
    717,
    718,
    719,
    720,
    721,
    722,
    723,
    724,
    726,
    728,
    730,
    731,
    732,
    735,
    736,
    737,
    738,
    739,
    740,
    742,
    743,
    744,
    745,
    746,
    748,
    752,
    753,
    754,
    755,
    756,
    757,
    758,
    760,
    761,
    762,
    763,
    764,
    765,
    767,
    768,
    769,
    770,
    772,
    774,
    776,
    777,
    778,
    779,
    780,
    781,
    782,
    783,
    784,
    785,
    786,
    788,
    789,
    790,
    791,
    793,
    794,
    795,
    796,
    797,
    798,
    801,
    802,
    803,
    804,
    805,
    806,
    807,
    808,
    809,
    810,
    811,
    812,
    814,
    815,
    816,
    817,
    819,
    820,
    821,
    822,
    823,
    824,
    825,
    826,
    827,
    828,
    830,
    831,
    832,
    833,
    834,
    835,
    836,
    837,
    838,
    840,
    841,
    842,
    843,
    844,
    845,
    846,
    848,
    849,
    850,
    851,
    852,
    853,
    854,
    855,
    857,
    859,
    862,
    864,
    866,
    867,
    868,
    869,
    870,
    871,
    872,
    873,
    874,
    875,
    876,
    880,
    881,
    882,
    883,
    884,
    887,
    888,
    889,
    890,
    891,
    892,
    893,
    894,
    896,
    897,
    899,
    900,
    901,
    902,
    903,
    904,
    905,
    906,
    908,
    909,
    910,
    911,
    912,
    913,
    914,
    915,
    916,
    918,
    920,
    921,
    922,
    923,
    924,
    925,
    926,
    928,
    929,
    930,
    931,
    932,
    933,
    934,
    935,
    937,
    938,
    939,
    940,
    941,
    942,
    943,
    944,
    947,
    948,
    949,
    950,
    951,
    952,
    954,
    955,
    956,
    957,
    958,
    959,
    960,
    961,
    962,
    964,
    965,
    966,
    967,
    968,
    969,
    970,
    971,
    973,
    974,
    975,
    976,
    977,
    978,
    979,
    980,
    981,
    982,
    984,
    985,
    986,
    987,
    988,
    989,
    991,
    992,
    993,
    994,
    995,
    996,
    997,
    998,
    999,
    1000,
    1002,
    1003,
    1004,
    1005,
    1006,
    1007,
    1008,
    1009,
    1010,
    1011,
    1012,
    1014,
    1015,
    1016,
    1017,
    1018,
    1019,
    1020,
    1021,
    1022,
    1024,
    1025,
    1026,
    1027,
    1028,
    1029,
    1030,
    1032,
    1034,
    1035,
    1038,
    1039,
    1040,
    1041,
    1042,
    1043,
    1044,
