{
  "n_total": 1000,
  "n_token_misaligned": 42,
  "token_misaligned_indices": [
    1,
    16,
    24,
    47,
    62,
    65,
    139,
    176,
    203,
    206,
    239,
    249,
    301,
    303,
    340,
    357,
    381,
    405,
    411,
    443,
    444,
    505,
    510,
    520,
    531,
    574,
    628,
    641,
    693,
    701,
    716,
    730,
    771,
    778,
    788,
    832,
    837,
    914,
    936,
    959,
    960,
    985
  ],
  "n_after_alignment_filter": 958,
  "clean_accuracy": 0.9029227557411273,
  "corrupted_accuracy": 0.9112734864300627,
  "both_correct_accuracy": 0.81419624217119,
  "n_both_correct": 780,
  "both_correct_indices": [
    0,
    3,
    4,
    5,
    6,
    7,
    8,
    9,
    10,
    11,
    12,
    13,
    14,
    15,
    17,
    18,
    21,
    22,
    25,
    26,
    27,
    28,
    29,
    30,
    31,
    33,
    35,
    36,
    37,
    38,
    39,
    40,
    41,
    42,
    44,
    45,
    46,
    48,
    49,
    51,
    52,
    53,
    54,
    55,
    56,
    57,
    59,
    60,
    61,
    63,
    64,
    66,
    67,
    69,
    70,
    72,
    73,
    74,
    76,
    77,
    78,
    80,
    81,
    82,
    83,
    84,
    85,
    86,
    87,
    88,
    89,
    90,
    91,
    92,
    93,
    94,
    95,
    96,
    97,
    98,
    99,
    101,
    102,
    103,
    104,
    105,
    107,
    108,
    110,
    111,
    112,
    113,
    115,
    116,
    117,
    118,
    119,
    121,
    122,
    123,
    124,
    125,
    126,
    127,
    129,
    131,
    132,
    134,
    135,
    136,
    137,
    138,
    140,
    141,
    142,
    144,
    146,
    147,
    148,
    149,
    150,
    151,
    152,
    154,
    155,
    156,
    157,
    159,
    160,
    161,
    162,
    163,
    164,
    165,
    166,
    167,
    168,
    170,
    172,
    173,
    174,
    175,
    177,
    178,
    180,
    181,
    182,
    183,
    184,
    185,
    187,
    189,
    190,
    191,
    193,
    194,
    195,
    196,
    197,
    198,
    199,
    200,
    201,
    202,
    204,
    205,
    207,
    208,
    209,
    210,
    211,
    212,
    214,
    215,
    216,
    218,
    221,
    222,
    223,
    224,
    226,
    227,
    228,
    229,
    230,
    231,
    232,
    234,
    235,
    236,
    237,
    238,
    240,
    241,
    242,
    243,
    244,
    245,
    246,
    247,
    250,
    251,
    252,
    253,
    254,
    255,
    257,
    258,
    259,
    260,
    261,
    262,
    263,
    265,
    266,
    267,
    270,
    272,
    273,
    274,
    275,
    276,
    277,
    279,
    280,
    281,
    282,
    283,
    284,
    285,
    286,
    287,
    288,
    290,
    291,
    292,
    293,
    294,
    295,
    296,
    297,
    298,
    299,
    300,
    302,
    304,
    306,
    307,
    308,
    309,
    311,
    312,
    313,
    314,
    315,
    316,
    317,
    318,
    319,
    320,
    321,
    322,
    323,
    324,
    325,
    327,
    329,
    330,
    331,
    332,
    333,
    334,
    335,
    336,
    337,
    338,
    339,
    341,
    343,
    347,
    350,
    352,
    353,
    354,
    355,
    356,
    358,
    359,
    360,
    361,
    362,
    363,
    365,
    367,
    368,
    371,
    372,
    373,
    374,
    375,
    376,
    377,
    378,
    379,
    380,
    382,
    383,
    384,
    385,
    386,
    387,
    388,
    389,
    390,
    391,
    392,
    393,
    394,
    395,
    396,
    397,
    399,
    400,
    401,
    402,
    403,
    404,
    408,
    410,
    413,
    414,
    416,
    417,
    418,
    419,
    420,
    421,
    422,
    423,
    424,
    426,
    430,
    431,
    432,
    433,
    434,
    436,
    437,
    439,
    441,
    442,
    445,
    446,
    447,
    449,
    450,
    451,
    453,
    454,
    455,
    456,
    457,
    459,
    460,
    461,
    463,
    464,
    465,
    466,
    467,
    468,
    469,
    470,
    471,
    472,
    473,
    474,
    475,
    476,
    477,
    478,
    479,
    480,
    481,
    482,
    483,
    484,
    485,
    486,
    487,
    488,
    489,
    490,
    491,
    492,
    493,
    494,
    495,
    496,
    497,
    498,
    500,
    501,
    503,
    504,
    506,
    507,
    509,
    512,
    514,
    516,
    517,
    518,
    521,
    523,
    524,
    525,
    526,
    527,
    528,
    529,
    530,
    532,
    533,
    534,
    535,
    536,
    537,
    539,
    540,
    541,
    542,
    543,
    544,
    545,
    548,
    549,
    551,
    552,
    553,
    555,
    556,
    557,
    558,
    559,
    560,
    562,
    565,
    566,
    569,
    571,
    572,
    573,
    575,
    576,
    577,
    578,
    579,
    581,
    583,
    584,
    585,
    586,
    587,
    588,
    589,
    591,
    592,
    593,
    594,
    595,
    596,
    597,
    598,
    600,
    601,
    602,
    603,
    604,
    605,
    607,
    608,
    609,
    612,
    613,
    615,
    616,
    617,
    618,
    621,
    622,
    624,
    625,
    626,
    629,
    631,
    632,
    633,
    634,
    636,
    637,
    638,
    639,
    640,
    643,
    644,
    645,
    646,
    648,
    649,
    650,
    651,
    652,
    654,
    656,
    657,
    658,
    659,
    661,
    662,
    663,
    664,
    665,
    666,
    667,
    668,
    669,
    670,
    671,
    672,
    673,
    674,
    676,
    677,
    678,
    679,
    680,
    681,
    682,
    683,
    684,
    685,
    686,
    687,
    688,
    689,
    690,
    691,
    692,
    695,
    696,
    697,
    698,
    699,
    700,
    702,
    703,
    704,
    707,
    709,
    710,
    711,
    712,
    713,
    714,
    717,
    718,
    719,
    720,
    721,
    722,
    723,
    724,
    725,
    727,
    728,
    729,
    731,
    732,
    733,
    734,
    735,
    737,
    738,
    739,
    741,
    743,
    744,
    747,
    749,
    750,
    751,
    753,
    754,
    755,
    756,
    757,
    758,
    759,
    760,
    761,
    762,
    765,
    766,
    767,
    768,
    769,
    770,
    772,
    774,
    775,
    777,
    779,
    780,
    781,
    782,
    783,
    784,
    785,
    786,
    787,
    790,
    794,
    795,
    796,
    797,
    798,
    799,
    800,
    801,
    802,
    803,
    804,
    805,
    806,
    807,
    808,
    809,
    810,
    811,
    812,
    813,
    815,
    816,
    817,
    818,
    819,
    820,
    821,
    822,
    823,
    824,
    825,
    826,
    827,
    828,
    829,
    830,
    831,
    833,
    834,
    835,
    836,
    841,
    842,
    843,
    845,
    847,
    849,
    851,
    852,
    854,
    855,
    856,
    857,
    858,
    859,
    860,
    862,
    863,
    865,
    866,
    868,
    869,
    870,
    871,
    872,
    873,
    877,
    878,
    879,
    880,
    881,
    883,
    884,
    886,
    887,
    888,
    889,
    890,
    891,
    894,
    896,
    897,
    898,
    900,
    901,
    902,
    904,
    905,
    906,
    908,
    909,
    910,
    911,
    912,
    916,
    917,
    918,
    919,
    920,
    921,
    922,
    923,
    924,
    925,
    926,
    927,
    929,
    930,
    931,
    932,
    934,
    935,
    937,
    939,
    940,
    941,
    942,
    943,
    944,
    945,
    946,
    948,
    949,
    950,
    952,
    958,
    961,
    962,
    963,
    965,
    966,
    967,
    968,
    969,
    970,
    971,
    972,
    973,
    974,
    975,
    976,
    977,
    978,
    979,
    981,
    982,
    983,
    986,
    987,
    988,
    989,
    990,
    993,
    995,
    996,
    997,
    998,
    999
  ],