{
  "n_total": 932,
  "n_token_misaligned": 0,
  "token_misaligned_indices": [],
  "n_after_alignment_filter": 932,
  "clean_accuracy": 0.7575107296137339,
  "corrupted_accuracy": 0.7199570815450643,
  "both_correct_accuracy": 0.47746781115879827,
  "n_both_correct": 445,
  "both_correct_indices": [
    0,
    4,
    9,
    10,
    12,
    13,
    14,
    15,
    16,
    17,
    19,
    21,
    22,
    24,
    25,
    26,
    33,
    34,
    38,
    39,
    43,
    45,
    46,
    48,
    49,
    53,
    54,
    56,
    59,
    62,
    66,
    69,
    71,
    73,
    76,
    77,
    79,
    80,
    81,
    83,
    84,
    85,
    92,
    93,
    95,
    98,
    99,
    101,
    102,
    103,
    106,
    107,
    108,
    115,
    116,
    117,
    119,
    121,
    122,
    124,
    125,
    126,
    127,
    128,
    132,
    134,
    136,
    139,
    141,
    142,
    143,
    146,
    148,
    149,
    151,
    158,
    159,
    165,
    166,
    168,
    169,
    170,
    173,
    175,
    177,
    178,
    182,
    184,
    186,
    187,
    188,
    191,
    192,
    193,
    194,
    199,
    204,
    206,
    209,
    211,
    212,
    215,
    216,
    217,
    218,
    220,
    221,
    222,
    226,
    229,
    230,
    231,
    233,
    235,
    237,
    239,
    246,
    248,
    249,
    250,
    251,
    252,
    254,
    255,
    257,
    258,
    259,
    260,
    262,
    263,
    265,
    269,
    271,
    272,
    273,
    276,
    277,
    278,
    280,
    282,
    284,
    286,
    289,
    290,
    291,
    293,
    294,
    295,
    299,
    301,
    303,
    305,
    306,
    309,
    310,
    312,
    313,
    317,
    318,
    320,
    321,
    322,
    323,
    325,
    326,
    328,
    332,
    334,
    336,
    337,
    339,
    340,
    341,
    343,
    344,
    348,
    350,
    351,
    352,
    353,
    355,
    358,
    360,
    361,
    363,
    364,
    365,
    368,
    373,
    377,
    381,
    382,
    383,
    385,
    387,
    388,
    389,
    390,
    392,
    394,
    395,
    398,
    400,
    402,
    407,
    408,
    410,
    411,
    415,
    416,
    417,
    418,
    421,
    423,
    426,
    427,
    428,
    429,
    430,
    432,
    435,
    436,
    441,
    448,
    449,
    450,
    452,
    453,
    455,
    457,
    461,
    464,
    466,
    467,
    468,
    473,
    474,
    476,
    477,
    479,
    482,
    483,
    484,
    487,
    488,
    489,
    494,
    495,
    497,
    498,
    499,
    501,
    502,
    506,
    507,
    513,
    515,
    517,
    518,
    519,
    520,
    521,
    522,
    523,
    524,
    526,
    527,
    528,
    529,
    531,
    535,
    538,
    539,
    540,
    541,
    548,
    549,
    550,
    551,
    552,
    553,
    556,
    558,
    560,
    565,
    568,
    569,
    572,
    573,
    574,
    575,
    576,
    577,
    578,
    581,
    582,
    583,
    584,
    585,
    586,
    590,
    593,
    594,
    598,
    605,
    607,
    608,
    610,
    614,
    616,
    617,
    619,
    620,
    621,
    625,
    626,
    628,
    629,
    634,
    635,
    636,
    639,
    640,
    643,
    647,
    648,
    652,
    655,
    657,
    658,
    659,
    662,
    663,
    665,
    667,
    670,
    671,
    673,
    674,
    675,
    677,
    678,
    679,
    690,
    693,
    695,
    697,
    698,
    700,
    704,
    706,
    707,
    708,
    709,
    710,
    713,
    718,
    719,
    722,
    726,
    728,
    730,
    734,
    735,
    738,
    739,
    740,
    746,
    750,
    753,
    757,
    761,
    765,
    767,
    768,
    769,
    770,
    772,
    774,
    775,
    776,
    779,
    784,
    786,
    789,
    792,
    793,
    797,
    799,
    803,
    804,
    807,
    809,
    810,
    814,
    816,
    817,
    819,
    820,
    823,
    826,
    827,
    828,
    831,
    839,
    842,
    843,
    844,
    845,
    846,
    850,
    851,
    852,
    857,
    858,
    859,
    861,
    862,
    866,
    877,
    883,
    884,
    885,
    886,
    887,
    891,
    892,
    895,
    898,
    899,
    900,
    901,
    902,
    903,
    906,
    912,
    916,
    921,
    922,
    923,
    925,
    926,
    928,
    929,
    930
  ],