{
  "n_total": 1100,
  "n_token_misaligned": 0,
  "token_misaligned_indices": [],
  "n_after_alignment_filter": 1100,
  "clean_accuracy": 0.9718181818181818,
  "corrupted_accuracy": 0.8672727272727273,
  "both_correct_accuracy": 0.8427272727272728,
  "n_both_correct": 927,
  "both_correct_indices": [
    0,
    2,
    3,
    4,
    5,
    6,
    7,
    8,
    9,
    10,
    11,
    12,
    13,
    14,
    15,
    16,
    17,
    18,
    20,
    21,
    22,
    23,
    25,
    26,
    27,
    28,
    29,
    30,
    31,
    32,
    33,
    34,
    36,
    37,
    38,
    39,
    40,
    41,
    42,
    43,
    44,
    45,
    46,
    47,
    48,
    49,
    51,
    52,
    53,
    54,
    55,
    57,
    58,
    59,
    61,
    63,
    64,
    65,
    66,
    67,
    68,
    69,
    70,
    71,
    72,
    73,
    76,
    77,
    78,
    79,
    80,
    81,
    82,
    83,
    85,
    86,
    87,
    88,
    89,
    90,
    91,
    92,
    94,
    95,
    96,
    97,
    98,
    99,
    100,
    101,
    102,
    103,
    104,
    105,
    106,
    107,
    108,
    109,
    110,
    111,
    112,
    113,
    114,
    115,
    116,
    117,
    118,
    119,
    120,
    121,
    122,
    123,
    125,
    126,
    127,
    128,
    129,
    132,
    133,
    135,
    138,
    140,
    141,
    142,
    143,
    144,
    145,
    146,
    147,
    148,
    149,
    150,
    151,
    152,
    153,
    154,
    155,
    156,
    157,
    158,
    159,
    160,
    161,
    162,
    164,
    165,
    166,
    169,
    170,
    172,
    174,
    177,
    178,
    179,
    180,
    181,
    182,
    184,
    185,
    186,
    187,
    188,
    189,
    190,
    191,
    192,
    193,
    194,
    195,
    196,
    197,
    199,
    201,
    202,
    203,
    205,
    206,
    207,
    208,
    209,
    211,
    212,
    213,
    214,
    215,
    216,
    217,
    218,
    219,
    220,
    221,
    222,
    223,
    224,
    225,
    226,
    227,
    228,
    229,
    230,
    231,
    233,
    234,
    236,
    237,
    238,
    239,
    240,
    241,
    242,
    243,
    244,
    245,
    246,
    247,
    248,
    250,
    251,
    252,
    253,
    254,
    255,
    256,
    257,
    258,
    259,
    260,
    261,
    262,
    263,
    264,
    266,
    267,
    268,
    269,
    270,
    271,
    272,
    273,
    274,
    275,
    276,
    277,
    278,
    279,
    280,
    281,
    282,
    283,
    284,
    285,
    286,
    287,
    288,
    290,
    291,
    293,
    296,
    297,
    298,
    299,
    300,
    301,
    302,
    303,
    304,
    307,
    308,
    309,
    310,
    311,
    312,
    313,
    315,
    317,
    318,
    319,
    320,
    321,
    322,
    325,
    326,
    327,
    328,
    329,
    330,
    333,
    337,
    338,
    339,
    340,
    341,
    342,
    344,
    345,
    346,
    347,
    348,
    349,
    351,
    353,
    354,
    355,
    357,
    358,
    359,
    360,
    362,
    363,
    364,
    365,
    366,
    367,
    368,
    369,
    370,
    371,
    372,
    373,
    374,
    376,
    380,
    381,
    382,
    383,
    385,
    386,
    387,
    389,
    390,
    391,
    392,
    394,
    395,
    396,
    397,
    398,
    400,
    402,
    403,
    404,
    405,
    406,
    407,
    408,
    409,
    410,
    411,
    412,
    413,
    414,
    415,
    416,
    417,
    418,
    419,
    420,
    422,
    425,
    426,
    427,
    429,
    430,
    431,
    432,
    433,
    434,
    436,
    437,
    438,
    439,
    441,
    442,
    443,
    444,
    445,
    447,
    448,
    449,
    450,
    451,
    452,
    453,
    454,
    456,
    458,
    459,
    460,
    461,
    462,
    464,
    465,
    466,
    468,
    471,
    472,
    473,
    474,
    475,
    476,
    477,
    478,
    479,
    480,
    481,
    483,
    484,
    486,
    487,
    488,
    489,
    490,
    491,
    492,
    493,
    494,
    495,
    496,
    497,
    499,
    500,
    501,
    502,
    503,
    504,
    505,
    506,
    507,
    510,
    511,
    512,
    513,
    514,
    515,
    516,
    517,
    518,
    520,
    521,
    522,
    524,
    526,
    527,
    528,
    529,
    530,
    531,
    532,
    533,
    534,
    535,
    538,
    539,
    540,
    541,
    542,
    544,
    545,
    547,
    548,
    549,
    550,
    551,
    552,
    554,
    555,
    557,
    558,
    561,
    562,
    563,
    564,
    565,
    566,
    567,
    568,
    569,
    570,
    571,
    572,
    573,
    575,
    576,
    577,
    578,
    579,
    580,
    581,
    582,
    583,
    584,
    585,
    586,
    587,
    588,
    589,
    590,
    591,
    592,
    594,
    595,
    596,
    597,
    599,
    600,
    601,
    602,
    604,
    605,
    606,
    607,
    609,
    610,
    613,
    615,
    616,
    617,
    618,
    620,
    621,
    622,
    624,
    626,
    627,
    628,
    629,
    630,
    631,
    632,
    634,
    635,
    636,
    637,
    638,
    639,
    640,
    641,
    642,
    643,
    644,
    646,
    647,
    648,
    649,
    650,
    651,
    652,
    653,
    654,
    655,
    656,
    657,
    658,
    659,
    660,
    661,
    662,
    663,
    665,
    666,
    667,
    668,
    669,
    670,
    672,
    673,
    674,
    675,
    676,
    677,
    678,
    682,
    683,
    687,
    688,
    689,
    690,
    691,
    692,
    693,
    694,
    695,
    696,
    697,
    698,
    699,
    700,
    701,
    702,
    703,
    704,
    705,
    706,
    707,
    708,
    709,
    711,
    712,
    713,
    716,
    717,
    718,
    719,
    721,
    722,
    724,
    725,
    726,
    727,
    728,
    729,
    730,
    731,
    732,
    733,
    735,
    736,
    737,
    738,
    739,
    740,
    741,
    742,
    743,
    745,
    746,
    747,
    749,
    750,
    751,
    752,
    754,
    755,
    756,
    758,
    759,
    760,
    761,
    762,
    764,
    765,
    766,
    767,
    768,
    769,
    770,
    771,
    772,
    774,
    775,
    776,
    777,
    778,
    779,
    780,
    781,
    782,
    783,
    784,
    787,
    788,
    789,
    790,
    791,
    792,
    793,
    794,
    795,
    796,
    797,
    798,
    799,
    800,
    801,
    802,
    803,
    804,
    805,
    806,
    808,
    809,
    810,
    811,
    812,
    813,
    814,
    815,
    816,
    818,
    820,
    821,
    822,
    824,
    825,
    826,
    827,
    828,
    829,
    830,
    831,
    832,
    833,
    834,
    836,
    837,
    838,
    840,
    842,
    843,
    845,
    846,
    847,
    848,
    849,
    851,
    852,
    853,
    854,
    855,
    856,
    857,
    858,
    859,
    862,
    863,
    864,
    865,
    866,
    867,
    868,
    869,
    870,
    871,
    872,
    873,
    874,
    875,
    876,
    877,
    878,
    879,
    880,
    881,
    882,
    883,
    884,
    885,
    886,
    887,
    888,
    890,
    891,
    892,
    893,
    894,
    895,
    896,
    898,
    899,
    902,
    903,
    904,
    905,
    906,
    907,
    908,
    909,
    911,
    912,
    913,
    914,
    915,
    916,
    919,
    920,
    921,
    923,
    924,
    925,
    926,
    927,
    928,
    929,
    930,
    931,
    932,
    933,
    934,
    935,
    936,
    937,
    938,
    939,
    940,
    941,
    942,
    943,
    944,
    945,
    947,
    948,
    949,
    951,
    952,
    953,
    954,
    955,
    958,
    959,
    960,
    961,
    963,
    964,
    965,
    966,
    967,
    968,
    969,
    971,
    972,
    973,
    974,
    975,
    976,
    977,
    978,
    979,
    980,
    981,
    982,
    986,
    987,
    988,
    989,
    990,
    991,
    992,
    993,
    996,
    997,
    998,
    999,
    1000,
    1001,
    1002,
    1003,
    1004,
    1005,
    1006,
    1007,
    1008,
    1009,
    1010,
    1011,
    1012,
    1013,
    1015,
    1016,
    1017,
    1018,
    1019,
    1020,
    1022,
