{
  "n_total": 995,
  "n_token_misaligned": 0,
  "token_misaligned_indices": [],
  "n_after_alignment_filter": 995,
  "clean_accuracy": 0.8582914572864322,
  "corrupted_accuracy": 0.8391959798994975,
  "both_correct_accuracy": 0.7326633165829146,
  "n_both_correct": 729,
  "both_correct_indices": [
    0,
    2,
    3,
    4,
    5,
    6,
    7,
    8,
    9,
    10,
    11,
    12,
    13,
    15,
    17,
    19,
    20,
    22,
    24,
    25,
    28,
    29,
    31,
    34,
    35,
    36,
    37,
    40,
    41,
    42,
    44,
    45,
    46,
    47,
    49,
    51,
    52,
    53,
    55,
    56,
    57,
    58,
    59,
    60,
    61,
    62,
    63,
    64,
    65,
    66,
    67,
    71,
    73,
    74,
    75,
    78,
    79,
    80,
    81,
    83,
    85,
    86,
    87,
    88,
    89,
    90,
    91,
    92,
    93,
    95,
    97,
    98,
    100,
    102,
    103,
    106,
    108,
    109,
    112,
    114,
    115,
    116,
    117,
    119,
    121,
    122,
    123,
    124,
    125,
    126,
    127,
    128,
    130,
    131,
    132,
    133,
    135,
    137,
    139,
    142,
    143,
    145,
    146,
    147,
    148,
    149,
    150,
    151,
    152,
    153,
    154,
    155,
    156,
    157,
    160,
    161,
    163,
    164,
    165,
    168,
    169,
    172,
    173,
    174,
    175,
    176,
    180,
    182,
    183,
    184,
    185,
    186,
    187,
    190,
    191,
    193,
    194,
    195,
    196,
    197,
    198,
    200,
    201,
    204,
    205,
    206,
    207,
    208,
    210,
    211,
    212,
    213,
    214,
    215,
    216,
    217,
    218,
    220,
    221,
    222,
    223,
    224,
    225,
    226,
    227,
    228,
    229,
    230,
    232,
    233,
    234,
    235,
    236,
    237,
    238,
    239,
    240,
    241,
    245,
    246,
    247,
    248,
    249,
    250,
    251,
    252,
    253,
    254,
    255,
    259,
    261,
    262,
    263,
    264,
    265,
    267,
    268,
    269,
    270,
    271,
    274,
    275,
    278,
    279,
    280,
    282,
    283,
    284,
    285,
    286,
    287,
    288,
    289,
    291,
    292,
    294,
    295,
    297,
    298,
    300,
    303,
    306,
    307,
    308,
    309,
    311,
    312,
    313,
    314,
    315,
    316,
    317,
    319,
    321,
    322,
    323,
    324,
    325,
    326,
    327,
    328,
    329,
    330,
    331,
    332,
    334,
    335,
    336,
    339,
    340,
    342,
    343,
    345,
    346,
    347,
    348,
    349,
    350,
    351,
    352,
    353,
    354,
    355,
    356,
    357,
    358,
    360,
    361,
    362,
    363,
    364,
    366,
    367,
    368,
    369,
    370,
    372,
    373,
    374,
    376,
    377,
    378,
    379,
    380,
    381,
    382,
    383,
    384,
    385,
    386,
    387,
    388,
    389,
    391,
    392,
    393,
    395,
    398,
    399,
    400,
    401,
    403,
    404,
    406,
    408,
    409,
    410,
    411,
    412,
    413,
    417,
    418,
    420,
    421,
    425,
    426,
    427,
    428,
    429,
    430,
    431,
    432,
    433,
    435,
    436,
    437,
    439,
    440,
    441,
    442,
    443,
    444,
    445,
    447,
    448,
    450,
    451,
    452,
    453,
    454,
    459,
    461,
    462,
    464,
    465,
    466,
    467,
    469,
    470,
    471,
    472,
    473,
    474,
    475,
    477,
    478,
    480,
    481,
    483,
    485,
    488,
    491,
    492,
    493,
    494,
    495,
    496,
    497,
    498,
    499,
    500,
    501,
    503,
    504,
    505,
    506,
    507,
    508,
    509,
    510,
    511,
    512,
    513,
    516,
    519,
    520,
    521,
    522,
    524,
    525,
    526,
    527,
    528,
    531,
    532,
    533,
    535,
    537,
    538,
    539,
    540,
    541,
    543,
    544,
    545,
    546,
    549,
    550,
    551,
    553,
    554,
    555,
    556,
    557,
    558,
    559,
    561,
    563,
    564,
    565,
    567,
    568,
    569,
    570,
    571,
    572,
    574,
    576,
    577,
    578,
    580,
    581,
    583,
    584,
    585,
    586,
    587,
    588,
    589,
    590,
    591,
    592,
    593,
    594,
    595,
    596,
    597,
    598,
    601,
    602,
    604,
    607,
    609,
    610,
    612,
    613,
    614,
    616,
    617,
    619,
    622,
    623,
    624,
    625,
    626,
    627,
    628,
    629,
    630,
    631,
    632,
    634,
    635,
    636,
    637,
    638,
    639,
    640,
    643,
    644,
    645,
    646,
    647,
    648,
    650,
    651,
    652,
    653,
    654,
    655,
    656,
    658,
    659,
    660,
    661,
    663,
    665,
    666,
    667,
    669,
    670,
    671,
    672,
    673,
    674,
    675,
    676,
    678,
    679,
    680,
    681,
    682,
    683,
    684,
    686,
    687,
    688,
    689,
    690,
    691,
    693,
    694,
    695,
    696,
    697,
    698,
    700,
    701,
    702,
    703,
    704,
    706,
    708,
    709,
    711,
    712,
    713,
    714,
    717,
    718,
    719,
    720,
    722,
    725,
    726,
    728,
    729,
    730,
    732,
    733,
    736,
    737,
    738,
    740,
    741,
    742,
    743,
    744,
    745,
    746,
    747,
    748,
    751,
    752,
    753,
    754,
    756,
    757,
    759,
    760,
    762,
    763,
    764,
    765,
    766,
    767,
    768,
    769,
    770,
    771,
    775,
    776,
    778,
    779,
    780,
    781,
    782,
    783,
    785,
    788,
    790,
    793,
    794,
    795,
    796,
    798,
    799,
    800,
    801,
    802,
    804,
    805,
    806,
    807,
    809,
    810,
    811,
    812,
    813,
    815,
    817,
    818,
    819,
    820,
    821,
    822,
    824,
    829,
    831,
    832,
    833,
    834,
    835,
    836,
    838,
    840,
    842,
    844,
    845,
    847,
    848,
    851,
    852,
    853,
    854,
    855,
    857,
    858,
    860,
    861,
    863,
    864,
    865,
    866,
    867,
    870,
    871,
    872,
    873,
    874,
    875,
    876,
    877,
    878,
    879,
    880,
    881,
    884,
    886,
    887,
    889,
    890,
    892,
    895,
    896,
    898,
    899,
    900,
    901,
    905,
    906,
    910,
    911,
    912,
    913,
    914,
    916,
    918,
    919,
    921,
    923,
    925,
    927,
    928,
    929,
    931,
    932,
    933,
    934,
    935,
    937,
    939,
    941,
    943,
    945,
    947,
    949,
    950,
    951,
    952,
    953,
    954,
    955,
    957,
    959,
    960,
    961,
    964,
    965,
    966,
    967,
    969,
    970,
    972,
    973,
    974,
    976,
    980,
    982,
    983,
    984,
    985,
    986,
    989,
    990,
    991,
    992,
    993,
    994
  ],