{
  "n_total": 1000,
  "n_token_misaligned": 232,
  "token_misaligned_indices": [
    2,
    9,
    10,
    12,
    16,
    24,
    28,
    29,
    34,
    35,
    43,
    48,
    56,
    57,
    58,
    61,
    66,
    67,
    74,
    79,
    81,
    87,
    94,
    95,
    97,
    99,
    107,
    109,
    114,
    120,
    125,
    130,
    139,
    152,
    155,
    160,
    178,
    181,
    186,
    189,
    195,
    200,
    201,
    204,
    212,
    218,
    225,
    231,
    232,
    233,
    234,
    240,
    243,
    249,
    251,
    254,
    256,
    266,
    267,
    273,
    274,
    277,
    280,
    282,
    284,
    286,
    288,
    289,
    303,
    313,
    320,
    322,
    330,
    339,
    340,
    342,
    344,
    349,
    350,
    355,
    356,
    372,
    374,
    375,
    380,
    382,
    391,
    394,
    396,
    410,
    418,
    419,
    420,
    423,
    439,
    449,
    455,
    464,
    466,
    471,
    475,
    478,
    480,
    484,
    486,
    490,
    493,
    499,
    500,
    512,
    530,
    532,
    536,
    537,
    539,
    544,
    546,
    548,
    556,
    559,
    561,
    564,
    565,
    570,
    573,
    574,
    585,
    589,
    593,
    598,
    601,
    614,
    617,
    618,
    622,
    633,
    645,
    648,
    650,
    653,
    654,
    656,
    657,
    659,
    661,
    663,
    664,
    665,
    667,
    673,
    677,
    678,
    680,
    686,
    688,
    690,
    691,
    692,
    699,
    700,
    702,
    706,
    710,
    714,
    715,
    717,
    726,
    727,
    731,
    741,
    743,
    744,
    753,
    755,
    759,
    761,
    768,
    769,
    770,
    778,
    780,
    787,
    791,
    793,
    796,
    799,
    801,
    810,
    812,
    814,
    816,
    821,
    822,
    823,
    824,
    834,
    837,
    840,
    844,
    848,
    860,
    864,
    868,
    871,
    873,
    879,
    886,
    890,
    907,
    911,
    916,
    917,
    921,
    925,
    926,
    928,
    930,
    931,
    933,
    946,
    957,
    961,
    962,
    963,
    965,
    971,
    979,
    984,
    985,
    993,
    996,
    998
  ],
  "n_after_alignment_filter": 768,
  "clean_accuracy": 0.44140625,
  "corrupted_accuracy": 0.4453125,
  "both_correct_accuracy": 0.10546875,
  "n_both_correct": 81,
  "both_correct_indices": [
    13,
    22,
    27,
    40,
    41,
    53,
    59,
    92,
    106,
    137,
    138,
    153,
    158,
    159,
    164,
    173,
    183,
    190,
    224,
    226,
    248,
    258,
    269,
    285,
    305,
    358,
    365,
    369,
    379,
    425,
    430,
    450,
    472,
    501,
    505,
    518,
    522,
    523,
    524,
    528,
    529,
    566,
    567,
    576,
    602,
    604,
    620,
    621,
    623,
    652,
    670,
    671,
    683,
    684,
    687,
    689,
    713,
    736,
    764,
    772,
    775,
    776,
    807,
    817,
    828,
    831,
    843,
    854,
    858,
    861,
    865,
    880,
    883,
    908,
    939,
    941,
    966,
    968,
    970,
    990,
    997
  ],
  "not_both_correct_indices": [
    0,
    1,
    3,
    4,
    5,
    6,
    7,
    8,
    11,
    14,
    15,
    17,
    18,
    19,
    20,
    21,
    23,
    25,
    26,
    30,
    31,
    32,
    33,
    36,
    37,
    38,
    39,
    42,
    44,
    45,
    46,
    47,
    49,
    50,
    51,
    52,
    54,
    55,
    60,
    62,
    63,
    64,
    65,
    68,
    69,
    70,
    71,
    72,
    73,
    75,
    76,
    77,
    78,
    80,
    82,
    83,
    84,
    85,
    86,
    88,
    89,
    90,
    91,
    93,
    96,
    98,
    100,
    101,
    102,
    103,
    104,
    105,
    108,
    110,
    111,
    112,
    113,
    115,
    116,
    117,
    118,
    119,
    121,
    122,
    123,
    124,
    126,
    127,
    128,
    129,
    131,
    132,
    133,
    134,
    135,
    136,
    140,
    141,
    142,
    143,
    144,
    145,
    146,
    147,
    148,
    149,
    150,
    151,
    154,
    156,
    157,
    161,
    162,
    163,
    165,
    166,
    167,
    168,
    169,
    170,
    171,
    172,
    174,
    175,
    176,
    177,
    179,
    180,
    182,
    184,
    185,
    187,
    188,
    191,
    192,
    193,
    194,
    196,
    197,
    198,
    199,
    202,
    203,
    205,
    206,
    207,
    208,
    209,
    210,
    211,
    213,
    214,
    215,
    216,
    217,
    219,
    220,
    221,
    222,
    223,
    227,
    228,
    229,
    230,
    235,
    236,
    237,
    238,
    239,
    241,
    242,
    244,
    245,
    246,
    247,
    250,
    252,
    253,
    255,
    257,
    259,
    260,
    261,
    262,
    263,
    264,
    265,
    268,
    270,
    271,
    272,
    275,
    276,
    278,
    279,
    281,
    283,
    287,
    290,
    291,
    292,
    293,
    294,
    295,
    296,
    297,
    298,
    299,
    300,
    301,
    302,
    304,
    306,
    307,
    308,
    309,
    310,
    311,
    312,
    314,
    315,
    316,
    317,
    318,
    319,
    321,
    323,
    324,
    325,
    326,
    327,
    328,
    329,
    331,
    332,
    333,
    334,
    335,
    336,
    337,
    338,
    341,
    343,
    345,
    346,
    347,
    348,
    351,
    352,
    353,
    354,
    357,
    359,
    360,
    361,
    362,
    363,
    364,
    366,
    367,
    368,
    370,
    371,
    373,
    376,
    377,
    378,
    381,
    383,
    384,
    385,
    386,
    387,
    388,
    389,
    390,
    392,
    393,
    395,
    397,
    398,
    399,
    400,
    401,
    402,
    403,
    404,
    405,
    406,
    407,
    408,
    409,
    411,
    412,
    413,
    414,
    415,
    416,
    417,
    421,
    422,
    424,
    426,
    427,
    428,
    429,
    431,
    432,
    433,
    434,
    435,
    436,
    437,
    438,
    440,
    441,
    442,
    443,
    444,
    445,
    446,
    447,
    448,
    451,
    452,
    453,
    454,
    456,
    457,
    458,
    459,
    460,
    461,
    462,
    463,
    465,
    467,
    468,
    469,
    470,
    473,
    474,
    476,
    477,
    479,
    481,
    482,
    483,
    485,
    487,
    488,
    489,
    491,
    492,
    494,
    495,
    496,
    497,
    498,
    502,
    503,
    504,
    506,
    507,
    508,
    509,
    510,
    511,
    513,
    514,
    515,
    516,
    517,
    519,
    520,
    521,
    525,
    526,
    527,
    531,
    533,
    534,
    535,
    538,
    540,
    541,
    542,
    543,
    545,
    547,
    549,
    550,
    551,
    552,
    553,
    554,
    555,
    557,
    558,
    560,
    562,
    563,
    568,
    569,
    571,
    572,
    575,
    577,
    578,
    579,
    580,
    581,
    582,
    583,
    584,
    586,
    587,
    588,
    590,
    591,
    592,
    594,
    595,
    596,
    597,
    599,
    600,
    603,
    605,
    606,
    607,
    608,
    609,
    610,
    611,
    612,
    613,
    615,
    616,
    619,
    624,
    625,
    626,
    627,
    628,
    629,
    630,
    631,
    632,
    634,
    635,
    636,
    637,
    638,
    639,
    640,
    641,
    642,
    643,
    644,
    646,
    647,
    649,
    651,
    655,
    658,
    660,
    662,
    666,
    668,
    669,
    672,
    674,
    675,
    676,
    679,
    681,
    682,
    685,
    693,
    694,
    695,
    696,
    697,
    698,
    701,
    703,
    704,
    705,
    707,
    708,
    709,
    711,
    712,
    716,
    718,
    719,
    720,
    721,
    722,
    723,
    724,
    725,
    728,
    729,
    730,
    732,
    733,
    734,
    735,
    737,
    738,
    739,
    740,
    742,
    745,
    746,
    747,
    748,
    749,
    750,
    751,
    752,
    754,
    756,
    757,
    758,
    760,
    762,
    763,
    765,
    766,
    767,
    771,
    773,
    774,
    777,
    779,
    781,
    782,
    783,
    784,
    785,
    786,
    788,
    789,
    790,
    792,
    794,
    795,
    797,
    798,
    800,
