{
  "n_total": 995,
  "n_token_misaligned": 0,
  "token_misaligned_indices": [],
  "n_after_alignment_filter": 995,
  "clean_accuracy": 0.7889447236180904,
  "corrupted_accuracy": 0.8010050251256281,
  "both_correct_accuracy": 0.614070351758794,
  "n_both_correct": 611,
  "both_correct_indices": [
    0,
    1,
    2,
    4,
    8,
    9,
    10,
    12,
    13,
    15,
    16,
    17,
    19,
    22,
    26,
    28,
    29,
    31,
    34,
    36,
    38,
    40,
    41,
    45,
    46,
    47,
    49,
    50,
    51,
    53,
    54,
    56,
    57,
    61,
    62,
    63,
    64,
    65,
    66,
    67,
    71,
    72,
    74,
    77,
    78,
    79,
    80,
    81,
    85,
    86,
    87,
    88,
    89,
    90,
    92,
    95,
    96,
    98,
    101,
    102,
    104,
    107,
    108,
    109,
    110,
    112,
    114,
    115,
    116,
    117,
    119,
    120,
    121,
    123,
    127,
    130,
    131,
    132,
    135,
    137,
    138,
    139,
    141,
    142,
    143,
    144,
    145,
    146,
    147,
    148,
    153,
    154,
    155,
    157,
    158,
    159,
    161,
    162,
    163,
    164,
    165,
    166,
    168,
    169,
    170,
    172,
    173,
    174,
    175,
    178,
    181,
    182,
    183,
    184,
    185,
    186,
    188,
    191,
    193,
    194,
    195,
    196,
    197,
    198,
    199,
    200,
    201,
    202,
    204,
    206,
    207,
    208,
    209,
    212,
    213,
    215,
    216,
    220,
    221,
    222,
    223,
    225,
    227,
    228,
    229,
    231,
    234,
    235,
    236,
    237,
    238,
    239,
    240,
    241,
    243,
    245,
    246,
    247,
    248,
    251,
    252,
    253,
    256,
    259,
    260,
    261,
    262,
    265,
    267,
    268,
    269,
    270,
    271,
    273,
    275,
    277,
    279,
    280,
    281,
    282,
    283,
    284,
    285,
    286,
    287,
    289,
    290,
    291,
    294,
    295,
    296,
    299,
    300,
    301,
    302,
    303,
    304,
    306,
    307,
    309,
    311,
    313,
    314,
    315,
    317,
    318,
    321,
    322,
    324,
    325,
    326,
    328,
    329,
    330,
    331,
    332,
    335,
    336,
    339,
    341,
    342,
    343,
    348,
    349,
    350,
    351,
    353,
    356,
    357,
    360,
    362,
    363,
    364,
    366,
    368,
    369,
    370,
    372,
    373,
    374,
    377,
    378,
    379,
    381,
    382,
    383,
    384,
    386,
    387,
    389,
    391,
    393,
    394,
    395,
    398,
    400,
    401,
    403,
    404,
    406,
    408,
    409,
    410,
    411,
    413,
    415,
    417,
    420,
    422,
    423,
    425,
    427,
    429,
    432,
    433,
    436,
    438,
    441,
    444,
    448,
    450,
    451,
    456,
    461,
    462,
    464,
    465,
    467,
    468,
    469,
    470,
    472,
    477,
    478,
    480,
    481,
    483,
    485,
    488,
    490,
    491,
    492,
    493,
    494,
    495,
    496,
    497,
    498,
    499,
    500,
    501,
    502,
    503,
    505,
    506,
    508,
    509,
    510,
    511,
    512,
    513,
    516,
    520,
    521,
    522,
    524,
    525,
    527,
    528,
    531,
    532,
    533,
    535,
    536,
    537,
    538,
    539,
    540,
    546,
    550,
    551,
    553,
    554,
    557,
    558,
    559,
    563,
    564,
    565,
    566,
    567,
    568,
    571,
    572,
    573,
    574,
    576,
    577,
    578,
    580,
    581,
    583,
    584,
    585,
    586,
    588,
    589,
    591,
    593,
    594,
    595,
    597,
    598,
    600,
    602,
    603,
    607,
    609,
    610,
    611,
    613,
    614,
    615,
    616,
    617,
    618,
    620,
    623,
    624,
    625,
    626,
    627,
    628,
    629,
    631,
    636,
    639,
    641,
    644,
    645,
    647,
    649,
    650,
    651,
    654,
    655,
    658,
    659,
    661,
    663,
    664,
    665,
    666,
    667,
    670,
    671,
    672,
    673,
    674,
    675,
    676,
    679,
    680,
    682,
    684,
    686,
    688,
    689,
    690,
    691,
    693,
    694,
    695,
    697,
    698,
    700,
    701,
    702,
    704,
    706,
    708,
    711,
    712,
    718,
    719,
    722,
    725,
    726,
    728,
    729,
    732,
    735,
    737,
    738,
    739,
    740,
    741,
    744,
    746,
    747,
    751,
    753,
    754,
    756,
    757,
    758,
    759,
    762,
    763,
    764,
    765,
    766,
    767,
    768,
    769,
    770,
    771,
    773,
    775,
    776,
    777,
    781,
    783,
    785,
    786,
    787,
    788,
    790,
    793,
    794,
    795,
    796,
    799,
    800,
    801,
    804,
    806,
    807,
    809,
    810,
    811,
    812,
    813,
    817,
    818,
    819,
    821,
    822,
    824,
    827,
    829,
    830,
    831,
    832,
    833,
    834,
    836,
    838,
    840,
    844,
    845,
    847,
    851,
    854,
    855,
    857,
    858,
    860,
    862,
    863,
    864,
    865,
    866,
    867,
    869,
    870,
    871,
    872,
    873,
    874,
    875,
    876,
    879,
    880,
    881,
    885,
    886,
    887,
    889,
    892,
    893,
    894,
    895,
    896,
    898,
    899,
    900,
    901,
    905,
    906,
    907,
    910,
    911,
    912,
    913,
    915,
    916,
    923,
    927,
    928,
    929,
    931,
    932,
    933,
    934,
    935,
    936,
    937,
    938,
    939,
    941,
    942,
    943,
    945,
    948,
    949,
    950,
    951,
    953,
    954,
    957,
    959,
    960,
    961,
    965,
    967,
    969,
    971,
    972,
    976,
    980,
    982,
    983,
    985,
    986,
    987,
    989,
    990,
    991,
    992,
    993
  ],