{
  "n_total": 1000,
  "n_token_misaligned": 95,
  "token_misaligned_indices": [
    1,
    24,
    30,
    36,
    56,
    58,
    67,
    79,
    80,
    87,
    95,
    106,
    114,
    123,
    130,
    155,
    160,
    163,
    177,
    178,
    198,
    233,
    240,
    251,
    266,
    273,
    277,
    282,
    284,
    303,
    311,
    320,
    325,
    339,
    372,
    375,
    380,
    394,
    417,
    423,
    439,
    449,
    480,
    481,
    490,
    512,
    513,
    537,
    539,
    553,
    556,
    564,
    574,
    585,
    593,
    618,
    622,
    633,
    648,
    654,
    667,
    677,
    678,
    691,
    693,
    700,
    702,
    710,
    727,
    741,
    744,
    753,
    780,
    799,
    801,
    812,
    814,
    816,
    824,
    834,
    841,
    860,
    868,
    871,
    879,
    899,
    917,
    930,
    945,
    952,
    959,
    961,
    963,
    975,
    987
  ],
  "n_after_alignment_filter": 905,
  "clean_accuracy": 0.907182320441989,
  "corrupted_accuracy": 0.9348066298342541,
  "both_correct_accuracy": 0.8441988950276244,
  "n_both_correct": 764,
  "both_correct_indices": [
    0,
    3,
    4,
    5,
    6,
    7,
    8,
    9,
    10,
    11,
    12,
    13,
    14,
    15,
    16,
    17,
    18,
    19,
    22,
    23,
    25,
    28,
    29,
    31,
    32,
    33,
    34,
    37,
    38,
    39,
    40,
    41,
    42,
    44,
    45,
    47,
    48,
    49,
    50,
    51,
    52,
    54,
    55,
    59,
    60,
    62,
    63,
    64,
    65,
    66,
    68,
    69,
    70,
    71,
    72,
    73,
    75,
    76,
    77,
    78,
    81,
    82,
    83,
    84,
    85,
    89,
    90,
    91,
    92,
    93,
    94,
    97,
    98,
    99,
    100,
    102,
    103,
    104,
    105,
    107,
    108,
    109,
    110,
    111,
    112,
    113,
    115,
    116,
    117,
    118,
    119,
    120,
    121,
    122,
    125,
    126,
    132,
    133,
    134,
    135,
    136,
    137,
    138,
    139,
    140,
    142,
    143,
    144,
    145,
    146,
    147,
    148,
    149,
    150,
    152,
    153,
    154,
    156,
    157,
    158,
    159,
    161,
    162,
    164,
    165,
    166,
    167,
    168,
    169,
    170,
    171,
    172,
    173,
    174,
    179,
    180,
    181,
    182,
    183,
    184,
    186,
    187,
    188,
    189,
    190,
    191,
    192,
    193,
    194,
    195,
    197,
    199,
    201,
    202,
    204,
    205,
    206,
    207,
    208,
    209,
    210,
    211,
    214,
    215,
    216,
    217,
    218,
    219,
    220,
    221,
    222,
    223,
    224,
    225,
    226,
    227,
    228,
    229,
    230,
    232,
    234,
    235,
    236,
    237,
    239,
    241,
    242,
    243,
    245,
    246,
    247,
    248,
    252,
    253,
    254,
    256,
    257,
    259,
    262,
    263,
    264,
    267,
    268,
    271,
    272,
    275,
    276,
    278,
    279,
    283,
    285,
    286,
    287,
    288,
    289,
    290,
    291,
    292,
    293,
    294,
    295,
    296,
    297,
    298,
    299,
    300,
    301,
    302,
    304,
    305,
    306,
    308,
    309,
    310,
    312,
    313,
    314,
    315,
    316,
    317,
    318,
    319,
    321,
    323,
    324,
    328,
    329,
    330,
    331,
    332,
    334,
    335,
    336,
    337,
    338,
    340,
    342,
    343,
    344,
    345,
    347,
    348,
    350,
    351,
    352,
    353,
    355,
    356,
    358,
    359,
    360,
    362,
    363,
    364,
    365,
    366,
    368,
    369,
    370,
    373,
    374,
    377,
    378,
    379,
    383,
    384,
    385,
    387,
    388,
    390,
    391,
    392,
    393,
    395,
    396,
    397,
    398,
    400,
    401,
    402,
    403,
    404,
    406,
    407,
    408,
    409,
    410,
    411,
    412,
    413,
    414,
    416,
    418,
    419,
    421,
    422,
    424,
    425,
    426,
    427,
    428,
    429,
    430,
    431,
    432,
    433,
    434,
    436,
    437,
    440,
    441,
    443,
    444,
    445,
    446,
    450,
    451,
    452,
    453,
    454,
    455,
    456,
    457,
    458,
    459,
    460,
    461,
    463,
    464,
    466,
    467,
    468,
    469,
    470,
    471,
    472,
    473,
    476,
    477,
    478,
    479,
    482,
    483,
    484,
    485,
    486,
    487,
    488,
    491,
    492,
    493,
    494,
    495,
    496,
    497,
    498,
    499,
    500,
    501,
    502,
    503,
    504,
    505,
    506,
    507,
    509,
    510,
    511,
    514,
    515,
    516,
    517,
    518,
    520,
    522,
    523,
    524,
    526,
    527,
    528,
    529,
    530,
    531,
    533,
    534,
    535,
    536,
    538,
    540,
    541,
    542,
    543,
    544,
    545,
    546,
    547,
    549,
    550,
    551,
    552,
    554,
    555,
    557,
    558,
    559,
    561,
    562,
    563,
    565,
    566,
    568,
    569,
    570,
    571,
    572,
    573,
    576,
    577,
    578,
    579,
    580,
    581,
    582,
    583,
    584,
    586,
    587,
    588,
    590,
    592,
    594,
    595,
    596,
    597,
    598,
    600,
    601,
    602,
    603,
    604,
    605,
    606,
    607,
    608,
    609,
    610,
    611,
    612,
    613,
    614,
    615,
    616,
    617,
    619,
    620,
    621,
    623,
    624,
    625,
    627,
    628,
    629,
    630,
    632,
    634,
    636,
    638,
    639,
    640,
    641,
    642,
    643,
    646,
    647,
    649,
    650,
    651,
    652,
    655,
    657,
    658,
    659,
    660,
    661,
    662,
    663,
    664,
    665,
    666,
    668,
    669,
    670,
    671,
    673,
    675,
    676,
    679,
    680,
    681,
    682,
    683,
    684,
    685,
    686,
    687,
    688,
    689,
    690,
    694,
    695,
    698,
    699,
    701,
    704,
    705,
    706,
    707,
    708,
    709,
    711,
    712,
    713,
    714,
    715,
    716,
    717,
    719,
    720,
    721,
    722,
    724,
    725,
    726,
    728,
    729,
    730,
    732,
    733,
    734,
    735,
    736,
    737,
    738,
    739,
    740,
    742,
    743,
    745,
    746,
    748,
    749,
    750,
    751,
    752,
    754,
    755,
    758,
    761,
    762,
    764,
    765,
    766,
    767,
    769,
    771,
    772,
    773,
    774,
    775,
    776,
    777,
    778,
    779,
    781,
    782,
    783,
    784,
    785,
    786,
    787,
    789,
    790,
    791,
    792,
    793,
    794,
    795,
    796,
    797,
    800,
    803,
    804,
    805,
    806,
    808,
    809,
    810,
    813,
    815,
    818,
    819,
    820,
    821,
    822,
    823,
    825,
    826,
    827,
    828,
    829,
    830,
    831,
    832,
    833,
    835,
    837,
    838,
    839,
    840,
    842,
    843,
    844,
    845,
    846,
    847,
    848,
    849,
    850,
    851,
    852,
    853,
    854,
    855,
    857,
    858,
    859,
    861,
    863,
    864,
    865,
    866,
    869,
    870,
    872,
    873,
    874,
    875,
    876,
    878,
    880,
    881,
    882,
    884,
    885,
    886,
    887,
    888,
    890,
    891,
    892,
    893,
    894,
    896,
    897,
    898,
    900,
    901,
    902,
    903,
    904,
    906,
    907,
    908,
    909,
    911,
    912,
    913,
    914,
    915,
    918,
    919,
    920,
    921,
    922,
    923,
    924,
    926,
    927,
    928,
    929,
    931,
    932,
    933,
    934,
    935,
    936,
    937,
    938,
    939,
    940,
    941,
    942,
    943,
    944,
    946,
    948,
    949,
    950,
    951,
    954,
    955,
    956,
    957,
    960,
    962,
    964,
    965,
    966,
    967,
    968,
    970,
    971,
    972,
    974,
    976,
    977,
    978,
    979,
    980,
    981,
    982,
    983,
    984,
    985,
    986,
    988,
    989,
    990,
    991,
    994,
    995,
    996,
    997,
    999
  ],