{
  "n_total": 1000,
  "n_token_misaligned": 112,
  "token_misaligned_indices": [
    2,
    3,
    24,
    25,
    46,
    57,
    61,
    62,
    71,
    76,
    83,
    95,
    101,
    111,
    128,
    129,
    130,
    137,
    147,
    154,
    173,
    180,
    184,
    190,
    196,
    222,
    223,
    228,
    240,
    242,
    244,
    254,
    267,
    269,
    270,
    276,
    282,
    295,
    311,
    318,
    333,
    339,
    345,
    353,
    355,
    356,
    363,
    376,
    388,
    394,
    406,
    412,
    424,
    453,
    457,
    466,
    473,
    474,
    484,
    494,
    499,
    504,
    505,
    511,
    521,
    530,
    545,
    548,
    550,
    555,
    560,
    565,
    570,
    613,
    617,
    624,
    675,
    677,
    694,
    700,
    721,
    725,
    733,
    740,
    755,
    771,
    776,
    790,
    801,
    808,
    822,
    839,
    847,
    849,
    854,
    867,
    876,
    888,
    889,
    890,
    895,
    902,
    912,
    924,
    932,
    935,
    940,
    966,
    976,
    980,
    995,
    996
  ],
  "n_after_alignment_filter": 888,
  "clean_accuracy": 0.7072072072072072,
  "corrupted_accuracy": 0.75,
  "both_correct_accuracy": 0.4572072072072072,
  "n_both_correct": 406,
  "both_correct_indices": [
    0,
    1,
    6,
    8,
    12,
    15,
    16,
    17,
    19,
    23,
    26,
    28,
    30,
    33,
    36,
    37,
    43,
    44,
    45,
    47,
    49,
    50,
    54,
    55,
    56,
    59,
    63,
    66,
    67,
    69,
    70,
    73,
    79,
    80,
    81,
    82,
    86,
    87,
    88,
    91,
    92,
    96,
    102,
    103,
    106,
    107,
    108,
    109,
    110,
    112,
    113,
    116,
    117,
    121,
    123,
    131,
    135,
    136,
    138,
    141,
    142,
    143,
    145,
    146,
    150,
    153,
    156,
    159,
    160,
    161,
    162,
    164,
    165,
    166,
    167,
    168,
    169,
    174,
    177,
    178,
    179,
    182,
    185,
    186,
    187,
    189,
    192,
    194,
    198,
    199,
    200,
    202,
    203,
    206,
    207,
    215,
    218,
    219,
    221,
    225,
    226,
    227,
    229,
    231,
    232,
    234,
    236,
    237,
    245,
    249,
    251,
    252,
    259,
    261,
    262,
    265,
    268,
    271,
    278,
    284,
    288,
    291,
    292,
    293,
    299,
    303,
    304,
    306,
    308,
    313,
    315,
    316,
    317,
    319,
    322,
    324,
    328,
    329,
    332,
    335,
    337,
    338,
    344,
    352,
    354,
    359,
    360,
    361,
    365,
    369,
    371,
    372,
    374,
    378,
    381,
    384,
    385,
    387,
    389,
    391,
    392,
    395,
    397,
    398,
    399,
    400,
    404,
    405,
    413,
    417,
    418,
    420,
    421,
    422,
    425,
    426,
    427,
    430,
    431,
    432,
    435,
    439,
    441,
    455,
    458,
    462,
    463,
    464,
    465,
    467,
    469,
    471,
    478,
    479,
    481,
    483,
    486,
    488,
    489,
    492,
    500,
    501,
    502,
    503,
    508,
    513,
    517,
    519,
    522,
    524,
    525,
    526,
    528,
    529,
    531,
    532,
    536,
    539,
    540,
    541,
    544,
    547,
    549,
    551,
    552,
    553,
    554,
    556,
    558,
    563,
    568,
    569,
    573,
    574,
    578,
    581,
    582,
    583,
    584,
    586,
    588,
    590,
    591,
    593,
    597,
    598,
    599,
    602,
    604,
    608,
    610,
    612,
    614,
    615,
    616,
    618,
    619,
    628,
    630,
    632,
    641,
    642,
    646,
    647,
    653,
    655,
    661,
    662,
    663,
    664,
    665,
    668,
    669,
    670,
    672,
    674,
    681,
    682,
    683,
    684,
    693,
    695,
    699,
    701,
    704,
    705,
    706,
    707,
    709,
    712,
    713,
    714,
    716,
    726,
    727,
    734,
    735,
    736,
    739,
    741,
    742,
    743,
    744,
    746,
    747,
    753,
    754,
    756,
    758,
    759,
    762,
    764,
    765,
    767,
    768,
    772,
    779,
    784,
    787,
    789,
    793,
    794,
    795,
    797,
    800,
    802,
    805,
    809,
    810,
    811,
    814,
    820,
    826,
    830,
    831,
    834,
    835,
    837,
    838,
    840,
    841,
    842,
    844,
    846,
    848,
    855,
    857,
    859,
    860,
    871,
    872,
    873,
    878,
    879,
    880,
    881,
    882,
    886,
    887,
    893,
    898,
    899,
    901,
    904,
    905,
    907,
    909,
    911,
    915,
    916,
    918,
    920,
    923,
    925,
    926,
    928,
    929,
    931,
    936,
    937,
    942,
    943,
    944,
    948,
    950,
    951,
    954,
    956,
    959,
    961,
    962,
    965,
    971,
    972,
    973,
    974,
    977,
    978,
    983,
    984,
    985,
    986,
    987,
    989,
    997,
    998
  ],