{
  "n_total": 288,
  "n_token_misaligned": 0,
  "token_misaligned_indices": [],
  "n_after_alignment_filter": 288,
  "clean_accuracy": 0.8472222222222222,
  "corrupted_accuracy": 0.8576388888888888,
  "both_correct_accuracy": 0.7430555555555556,
  "n_both_correct": 214,
  "both_correct_indices": [
    0,
    1,
    2,
    3,
    4,
    5,
    6,
    7,
    8,
    9,
    10,
    11,
    12,
    13,
    16,
    17,
    18,
    19,
    20,
    21,
    22,
    24,
    25,
    27,
    28,
    29,
    30,
    31,
    32,
    33,
    34,
    35,
    36,
    37,
    38,
    40,
    41,
    42,
    43,
    44,
    45,
    46,
    47,
    48,
    49,
    50,
    51,
    53,
    54,
    55,
    58,
    62,
    63,
    64,
    65,
    66,
    67,
    68,
    71,
    72,
    73,
    74,
    75,
    77,
    78,
    80,
    82,
    83,
    84,
    85,
    86,
    87,
    88,
    89,
    90,
    91,
    92,
    93,
    94,
    95,
    96,
    97,
    98,
    99,
    100,
    101,
    102,
    103,
    104,
    105,
    106,
    107,
    108,
    109,
    111,
    114,
    115,
    116,
    117,
    118,
    119,
    120,
    121,
    122,
    123,
    124,
    125,
    126,
    127,
    128,
    129,
    130,
    131,
    132,
    133,
    134,
    135,
    136,
    137,
    138,
    139,
    140,
    141,
    142,
    143,
    144,
    145,
    146,
    147,
    148,
    149,
    150,
    151,
    152,
    153,
    154,
    155,
    156,
    157,
    158,
    159,
    160,
    161,
    162,
    163,
    164,
    165,
    169,
    176,
    177,
    179,
    180,
    182,
    183,
    184,
    185,
    186,
    188,
    189,
    190,
    191,
    192,
    193,
    194,
    195,
    196,
    197,
    198,
    204,
    207,
    215,
    218,
    219,
    222,
    223,
    225,
    226,
    228,
    230,
    231,
    232,
    233,
    234,
    235,
    236,
    237,
    238,
    239,
    240,
    241,
    242,
    243,
    244,
    245,
    246,
    247,
    248,
    249,
    255,
    256,
    257,
    258,
    259,
    260,
    262,
    263,
    264,
    265,
    266,
    268,
    271,
    277,
    278,
    280
  ],
  "not_both_correct_indices": [
    14,
    15,
    23,
    26,
    39,
    52,
    56,
    57,
    59,
    60,
    61,
    69,
    70,
    76,
    79,
    81,
    110,
    112,
    113,
    166,
    167,
    168,
    170,
    171,
    172,
    173,
    174,
    175,
    178,
    181,
    187,
    199,
    200,
    201,
    202,
    203,
    205,
    206,
    208,
    209,
    210,
    211,
    212,
    213,
    214,
    216,
    217,
    220,
    221,
    224,
    227,
    229,
    250,
    251,
    252,
    253,
    254,
    261,
    267,
    269,
    270,
    272,
    273,
    274,
    275,
    276,
    279,
    281,
    282,
    283,
    284,
    285,
    286,
    287
  ],
  "clean_baseline": 17.390625,
  "corrupted_baseline": -19.109375
}