{
  "n_total": 1000,
  "n_token_misaligned": 64,
  "token_misaligned_indices": [
    2,
    3,
    24,
    25,
    57,
    71,
    76,
    95,
    130,
    137,
    147,
    154,
    180,
    190,
    223,
    240,
    242,
    244,
    254,
    267,
    269,
    276,
    318,
    333,
    339,
    353,
    356,
    363,
    388,
    394,
    406,
    424,
    457,
    474,
    484,
    499,
    504,
    505,
    521,
    548,
    550,
    555,
    613,
    617,
    677,
    721,
    725,
    733,
    755,
    771,
    790,
    822,
    839,
    849,
    876,
    888,
    889,
    890,
    902,
    924,
    932,
    935,
    966,
    995
  ],
  "n_after_alignment_filter": 936,
  "clean_accuracy": 0.8493589743589743,
  "corrupted_accuracy": 0.844017094017094,
  "both_correct_accuracy": 0.6933760683760684,
  "n_both_correct": 649,
  "both_correct_indices": [
    0,
    1,
    5,
    6,
    8,
    12,
    14,
    15,
    16,
    18,
    19,
    20,
    23,
    26,
    28,
    29,
    30,
    31,
    32,
    33,
    34,
    35,
    36,
    37,
    39,
    40,
    41,
    43,
    44,
    45,
    46,
    47,
    49,
    51,
    52,
    54,
    55,
    59,
    61,
    62,
    63,
    66,
    69,
    70,
    72,
    74,
    79,
    80,
    81,
    82,
    83,
    85,
    87,
    88,
    89,
    90,
    92,
    94,
    96,
    97,
    99,
    102,
    103,
    104,
    106,
    107,
    108,
    109,
    110,
    111,
    112,
    113,
    116,
    117,
    120,
    121,
    123,
    125,
    128,
    131,
    135,
    136,
    138,
    141,
    142,
    143,
    144,
    145,
    146,
    148,
    150,
    151,
    152,
    153,
    155,
    156,
    159,
    160,
    161,
    162,
    165,
    166,
    167,
    168,
    169,
    172,
    173,
    174,
    177,
    178,
    179,
    182,
    183,
    185,
    186,
    187,
    188,
    192,
    194,
    195,
    196,
    197,
    198,
    199,
    200,
    202,
    203,
    206,
    207,
    208,
    213,
    215,
    216,
    217,
    218,
    219,
    221,
    222,
    224,
    225,
    226,
    227,
    229,
    230,
    231,
    232,
    234,
    235,
    236,
    237,
    239,
    241,
    245,
    248,
    249,
    250,
    251,
    252,
    253,
    255,
    256,
    257,
    259,
    261,
    262,
    264,
    265,
    268,
    270,
    271,
    272,
    274,
    277,
    278,
    281,
    282,
    284,
    288,
    289,
    292,
    293,
    298,
    299,
    300,
    301,
    302,
    303,
    304,
    306,
    308,
    311,
    312,
    313,
    314,
    315,
    316,
    317,
    319,
    321,
    322,
    323,
    324,
    328,
    329,
    330,
    332,
    334,
    335,
    337,
    338,
    340,
    341,
    342,
    344,
    345,
    346,
    347,
    348,
    349,
    352,
    354,
    355,
    359,
    361,
    362,
    364,
    365,
    366,
    369,
    370,
    371,
    372,
    374,
    377,
    378,
    379,
    381,
    382,
    383,
    384,
    385,
    386,
    387,
    390,
    391,
    392,
    393,
    395,
    396,
    397,
    398,
    400,
    401,
    403,
    404,
    405,
    407,
    408,
    413,
    415,
    417,
    418,
    420,
    421,
    422,
    425,
    427,
    428,
    430,
    431,
    434,
    435,
    439,
    440,
    441,
    442,
    444,
    446,
    447,
    448,
    449,
    451,
    453,
    455,
    458,
    461,
    462,
    463,
    464,
    465,
    466,
    467,
    469,
    471,
    475,
    477,
    478,
    479,
    480,
    481,
    482,
    486,
    488,
    489,
    492,
    493,
    494,
    495,
    496,
    498,
    500,
    501,
    502,
    503,
    506,
    507,
    508,
    509,
    511,
    512,
    513,
    514,
    515,
    517,
    519,
    520,
    522,
    523,
    524,
    525,
    526,
    527,
    528,
    529,
    530,
    531,
    532,
    533,
    534,
    536,
    538,
    539,
    541,
    543,
    544,
    545,
    547,
    549,
    551,
    552,
    553,
    554,
    556,
    557,
    558,
    559,
    560,
    562,
    563,
    565,
    566,
    567,
    568,
    569,
    570,
    572,
    573,
    576,
    577,
    578,
    581,
    582,
    583,
    584,
    585,
    586,
    587,
    588,
    589,
    590,
    591,
    593,
    595,
    597,
    598,
    599,
    600,
    603,
    605,
    608,
    609,
    610,
    612,
    614,
    615,
    616,
    619,
    620,
    621,
    623,
    624,
    625,
    628,
    629,
    630,
    632,
    633,
    635,
    636,
    637,
    639,
    640,
    641,
    642,
    645,
    646,
    647,
    648,
    651,
    652,
    653,
    655,
    656,
    659,
    662,
    663,
    664,
    665,
    666,
    667,
    668,
    669,
    670,
    672,
    673,
    674,
    680,
    681,
    682,
    683,
    684,
    686,
    688,
    689,
    692,
    693,
    695,
    697,
    698,
    699,
    700,
    703,
    704,
    705,
    706,
    707,
    709,
    711,
    712,
    713,
    714,
    716,
    720,
    722,
    726,
    727,
    732,
    734,
    735,
    736,
    737,
    738,
    739,
    741,
    742,
    743,
    744,
    745,
    746,
    747,
    748,
    749,
    753,
    754,
    756,
    757,
    758,
    759,
    760,
    761,
    762,
    764,
    765,
    767,
    768,
    770,
    772,
    777,
    779,
    780,
    781,
    783,
    784,
    785,
    787,
    789,
    791,
    793,
    795,
    796,
    797,
    798,
    800,
    801,
    802,
    804,
    805,
    806,
    807,
    808,
    809,
    810,
    811,
    812,
    813,
    814,
    815,
    816,
    821,
    823,
    825,
    826,
    827,
    828,
    829,
    830,
    831,
    834,
    837,
    838,
    840,
    841,
    842,
    844,
    845,
    846,
    848,
    850,
    851,
    853,
    855,
    857,
    858,
    859,
    860,
    864,
    865,
    868,
    869,
    870,
    871,
    873,
    874,
    875,
    878,
    879,
    880,
    881,
    882,
    883,
    886,
    887,
    891,
    892,
    893,
    897,
    899,
    900,
    901,
    903,
    904,
    905,
    906,
    907,
    908,
    909,
    910,
    911,
    914,
    915,
    916,
    917,
    918,
    920,
    922,
    923,
    925,
    926,
    928,
    929,
    931,
    933,
    934,
    936,
    937,
    938,
    939,
    940,
    941,
    942,
    943,
    944,
    945,
    948,
    949,
    950,
    951,
    952,
    954,
    955,
    956,
    957,
    959,
    961,
    962,
    965,
    967,
    968,
    971,
    972,
    973,
    974,
    975,
    976,
    977,
    979,
    980,
    983,
    984,
    985,
    986,
    987,
    988,
    992,
    994,
    996,
    997,
    998,
    999
  ],