{
  "n_total": 204,
  "n_token_misaligned": 0,
  "token_misaligned_indices": [],
  "n_after_alignment_filter": 204,
  "clean_accuracy": 0.9411764705882353,
  "corrupted_accuracy": 0.8529411764705882,
  "both_correct_accuracy": 0.7941176470588235,
  "n_both_correct": 162,
  "both_correct_indices": [
    0,
    2,
    3,
    4,
    5,
    6,
    7,
    9,
    10,
    11,
    12,
    13,
    14,
    15,
    16,
    17,
    18,
    19,
    20,
    21,
    22,
    23,
    24,
    25,
    26,
    27,
    28,
    29,
    30,
    31,
    32,
    33,
    34,
    35,
    36,
    37,
    38,
    39,
    41,
    42,
    44,
    45,
    46,
    47,
    48,
    49,
    50,
    51,
    52,
    53,
    54,
    55,
    56,
    57,
    58,
    59,
    60,
    61,
    62,
    63,
    64,
    65,
    66,
    67,
    68,
    69,
    70,
    71,
    72,
    73,
    74,
    75,
    77,
    78,
    79,
    80,
    81,
    82,
    83,
    84,
    88,
    89,
    92,
    93,
    94,
    103,
    104,
    105,
    106,
    107,
    108,
    109,
    110,
    111,
    112,
    113,
    114,
    115,
    116,
    117,
    118,
    119,
    120,
    121,
    122,
    123,
    125,
    126,
    132,
    133,
    134,
    135,
    136,
    137,
    138,
    144,
    145,
    146,
    147,
    148,
    149,
    150,
    151,
    152,
    153,
    154,
    156,
    157,
    158,
    159,
    160,
    161,
    162,
    163,
    164,
    165,
    166,
    167,
    168,
    169,
    170,
    171,
    172,
    173,
    174,
    175,
    176,
    177,
    178,
    179,
    180,
    181,
    182,
    183,
    185,
    187,
    189,
    191,
    193,
    198,
    199,
    202
  ],
  "not_both_correct_indices": [
    1,
    8,
    40,
    43,
    76,
    85,
    86,
    87,
    90,
    91,
    95,
    96,
    97,
    98,
    99,
    100,
    101,
    102,
    124,
    127,
    128,
    129,
    130,
    131,
    139,
    140,
    141,
    142,
    143,
    155,
    184,
    186,
    188,
    190,
    192,
    194,
    195,
    196,
    197,
    200,
    201,
    203
  ],
  "clean_baseline": 8.015625,
  "corrupted_baseline": -6.84765625
}