{
  "n_total": 1100,
  "n_token_misaligned": 111,
  "token_misaligned_indices": [
    24,
    25,
    26,
    59,
    87,
    107,
    120,
    127,
    150,
    176,
    191,
    194,
    199,
    207,
    214,
    264,
    303,
    325,
    348,
    355,
    375,
    384,
    414,
    419,
    438,
    443,
    460,
    465,
    466,
    467,
    493,
    495,
    504,
    514,
    516,
    520,
    525,
    539,
    565,
    566,
    570,
    571,
    573,
    584,
    585,
    592,
    616,
    623,
    625,
    638,
    640,
    650,
    655,
    664,
    674,
    705,
    713,
    717,
    719,
    732,
    738,
    740,
    749,
    759,
    761,
    773,
    774,
    787,
    790,
    794,
    797,
    799,
    802,
    810,
    813,
    816,
    819,
    830,
    834,
    842,
    846,
    847,
    866,
    877,
    883,
    888,
    892,
    924,
    936,
    939,
    966,
    970,
    988,
    999,
    1002,
    1008,
    1013,
    1014,
    1015,
    1029,
    1031,
    1034,
    1041,
    1046,
    1050,
    1056,
    1070,
    1073,
    1081,
    1086,
    1087
  ],
  "n_after_alignment_filter": 989,
  "clean_accuracy": 0.9261880687563195,
  "corrupted_accuracy": 0.8867542972699697,
  "both_correct_accuracy": 0.8129423660262892,
  "n_both_correct": 804,
  "both_correct_indices": [
    0,
    1,
    2,
    3,
    4,
    5,
    7,
    9,
    11,
    15,
    16,
    17,
    18,
    19,
    20,
    22,
    23,
    29,
    30,
    32,
    33,
    34,
    35,
    36,
    37,
    39,
    40,
    41,
    42,
    43,
    44,
    45,
    46,
    47,
    48,
    49,
    52,
    53,
    55,
    56,
    57,
    58,
    60,
    61,
    62,
    63,
    64,
    65,
    66,
    67,
    68,
    69,
    70,
    71,
    72,
    73,
    74,
    75,
    76,
    81,
    85,
    86,
    89,
    90,
    91,
    92,
    93,
    94,
    95,
    96,
    97,
    98,
    99,
    101,
    103,
    104,
    105,
    106,
    108,
    110,
    111,
    112,
    113,
    114,
    116,
    117,
    118,
    119,
    122,
    124,
    125,
    126,
    129,
    130,
    133,
    134,
    135,
    136,
    137,
    139,
    140,
    142,
    144,
    145,
    146,
    147,
    151,
    152,
    153,
    154,
    155,
    156,
    157,
    158,
    159,
    160,
    161,
    162,
    164,
    165,
    166,
    167,
    168,
    169,
    170,
    171,
    172,
    173,
    175,
    177,
    178,
    180,
    183,
    187,
    189,
    193,
    195,
    196,
    197,
    198,
    200,
    201,
    203,
    205,
    206,
    208,
    209,
    210,
    211,
    212,
    213,
    216,
    217,
    219,
    220,
    221,
    222,
    223,
    224,
    225,
    226,
    227,
    228,
    230,
    231,
    234,
    235,
    237,
    238,
    239,
    240,
    241,
    242,
    243,
    244,
    246,
    248,
    249,
    250,
    251,
    252,
    253,
    254,
    255,
    257,
    259,
    260,
    261,
    266,
    267,
    269,
    270,
    271,
    272,
    275,
    276,
    277,
    278,
    279,
    280,
    281,
    282,
    283,
    284,
    285,
    286,
    287,
    290,
    291,
    292,
    293,
    294,
    296,
    298,
    299,
    300,
    301,
    302,
    305,
    306,
    307,
    308,
    309,
    311,
    312,
    313,
    314,
    316,
    317,
    318,
    319,
    320,
    322,
    323,
    324,
    326,
    328,
    329,
    330,
    331,
    332,
    333,
    334,
    336,
    337,
    338,
    339,
    340,
    341,
    342,
    344,
    345,
    346,
    347,
    349,
    350,
    351,
    352,
    354,
    358,
    359,
    361,
    362,
    363,
    364,
    365,
    366,
    368,
    369,
    371,
    373,
    374,
    376,
    377,
    378,
    379,
    380,
    381,
    382,
    383,
    386,
    387,
    389,
    390,
    394,
    395,
    396,
    397,
    399,
    400,
    401,
    402,
    403,
    404,
    405,
    406,
    407,
    408,
    409,
    411,
    412,
    413,
    415,
    416,
    417,
    418,
    420,
    423,
    424,
    425,
    426,
    427,
    428,
    429,
    430,
    431,
    432,
    433,
    434,
    435,
    436,
    439,
    441,
    442,
    444,
    446,
    448,
    449,
    450,
    451,
    452,
    454,
    455,
    458,
    459,
    461,
    464,
    468,
    469,
    470,
    471,
    472,
    473,
    474,
    475,
    476,
    477,
    478,
    479,
    482,
    483,
    484,
    485,
    486,
    488,
    490,
    492,
    494,
    499,
    500,
    501,
    502,
    503,
    505,
    506,
    507,
    510,
    511,
    513,
    515,
    517,
    518,
    519,
    522,
    523,
    526,
    527,
    528,
    529,
    530,
    531,
    533,
    534,
    535,
    537,
    538,
    542,
    543,
    544,
    545,
    546,
    547,
    548,
    549,
    550,
    551,
    552,
    553,
    554,
    555,
    556,
    557,
    558,
    559,
    560,
    561,
    562,
    563,
    564,
    567,
    568,
    569,
    572,
    574,
    575,
    576,
    577,
    578,
    579,
    580,
    581,
    583,
    586,
    588,
    590,
    591,
    593,
    594,
    596,
    597,
    598,
    599,
    600,
    604,
    605,
    606,
    608,
    609,
    611,
    613,
    614,
    615,
    617,
    618,
    619,
    620,
    621,
    622,
    624,
    626,
    627,
    628,
    629,
    630,
    631,
    632,
    633,
    634,
    635,
    636,
    637,
    639,
    641,
    642,
    643,
    644,
    645,
    646,
    647,
    648,
    649,
    651,
    652,
    654,
    656,
    657,
    658,
    659,
    660,
    662,
    663,
    665,
    666,
    667,
    668,
    669,
    670,
    672,
    675,
    676,
    677,
    678,
    679,
    680,
    683,
    685,
    686,
    687,
    688,
    689,
    690,
    691,
    692,
    693,
    694,
    695,
    696,
    697,
    698,
    699,
    700,
    701,
    702,
    704,
    707,
    708,
    709,
    710,
    711,
    712,
    714,
    715,
    716,
    718,
    720,
    721,
    722,
    724,
    725,
    726,
    728,
    729,
    730,
    731,
    733,
    734,
    736,
    737,
    739,
    741,
    742,
    744,
    745,
    746,
    747,
    750,
    752,
    753,
    754,
    755,
    756,
    758,
    760,
    762,
    763,
    765,
    766,
    767,
    768,
    769,
    770,
    771,
    772,
    775,
    776,
    777,
    778,
    780,
    781,
    783,
    784,
    785,
    786,
    788,
    789,
    791,
    792,
    793,
    795,
    796,
    800,
    801,
    803,
    804,
    805,
    806,
    807,
    808,
    809,
    811,
    812,
    814,
    815,
    817,
    818,
    820,
    822,
    823,
    824,
    825,
    827,
    829,
    831,
    832,
    833,
    835,
    836,
    837,
    838,
    839,
    841,
    844,
    845,
    848,
    849,
    850,
    851,
    852,
    853,
    855,
    856,
    857,
    858,
    859,
    860,
    861,
    862,
    863,
    864,
    865,
    868,
    869,
    870,
    871,
    872,
    873,
    875,
    876,
    878,
    879,
    880,
    881,
    882,
    884,
    885,
    886,
    887,
    889,
    890,
    891,
    896,
    897,
    898,
    899,
    900,
    901,
    902,
    905,
    906,
    907,
    908,
    909,
    910,
    911,
    912,
    913,
    914,
    915,
    917,
    918,
    919,
    920,
    921,
    922,
    923,
    926,
    927,
    929,
    930,
    931,
    932,
    933,
    934,
    935,
    937,
    938,
    940,
    942,
    943,
    944,
    945,
    946,
    948,
    949,
    950,
    951,
    952,
    953,
    954,
    955,
    957,
    958,
    959,
    960,
    961,
    962,
    963,
    964,
    965,
    967,
    968,
    969,
    971,
    972,
    973,
    974,
    975,
    976,
    977,
    978,
    979,
    980,
    981,
    982,
    983,
    984,
    985,
    986,
    987,
    989,
    990,
    991,
    992,
    993,
    994,
    995,
    997,
    998,
    1001,
    1003,
    1005,
    1007,
    1009,
    1011,
    1012,
    1016,
    1020,
    1021,
    1022,
    1023,
