{
  "n_total": 1100,
  "n_token_misaligned": 0,
  "token_misaligned_indices": [],
  "n_after_alignment_filter": 1100,
  "clean_accuracy": 0.87,
  "corrupted_accuracy": 0.7672727272727272,
  "both_correct_accuracy": 0.6436363636363637,
  "n_both_correct": 708,
  "both_correct_indices": [
    1,
    2,
    4,
    5,
    6,
    7,
    8,
    10,
    11,
    12,
    14,
    15,
    16,
    17,
    20,
    21,
    23,
    25,
    28,
    30,
    34,
    35,
    36,
    37,
    38,
    39,
    40,
    41,
    42,
    43,
    45,
    47,
    48,
    49,
    50,
    51,
    52,
    54,
    56,
    59,
    60,
    61,
    62,
    63,
    64,
    65,
    66,
    67,
    68,
    69,
    70,
    71,
    73,
    76,
    77,
    80,
    82,
    84,
    86,
    87,
    90,
    91,
    93,
    96,
    99,
    100,
    102,
    103,
    104,
    106,
    107,
    108,
    109,
    112,
    113,
    115,
    116,
    117,
    120,
    121,
    122,
    123,
    124,
    125,
    126,
    127,
    128,
    129,
    130,
    131,
    132,
    136,
    137,
    138,
    140,
    141,
    143,
    144,
    146,
    147,
    149,
    151,
    152,
    154,
    156,
    157,
    158,
    159,
    160,
    162,
    164,
    165,
    166,
    167,
    168,
    169,
    171,
    178,
    180,
    185,
    186,
    191,
    195,
    196,
    199,
    200,
    201,
    203,
    207,
    209,
    211,
    212,
    213,
    215,
    216,
    217,
    219,
    221,
    222,
    224,
    225,
    227,
    230,
    231,
    232,
    233,
    234,
    236,
    237,
    238,
    239,
    240,
    244,
    245,
    246,
    247,
    249,
    250,
    251,
    252,
    254,
    255,
    256,
    257,
    258,
    259,
    260,
    262,
    266,
    269,
    271,
    272,
    275,
    277,
    278,
    280,
    281,
    284,
    285,
    286,
    287,
    288,
    289,
    290,
    291,
    292,
    293,
    295,
    297,
    298,
    299,
    300,
    302,
    303,
    304,
    305,
    309,
    310,
    312,
    314,
    315,
    317,
    318,
    319,
    320,
    325,
    327,
    328,
    330,
    331,
    332,
    333,
    334,
    337,
    339,
    340,
    341,
    343,
    345,
    346,
    347,
    348,
    349,
    352,
    354,
    355,
    357,
    358,
    359,
    361,
    362,
    363,
    364,
    365,
    366,
    368,
    370,
    371,
    372,
    373,
    374,
    375,
    376,
    377,
    378,
    380,
    382,
    383,
    384,
    385,
    387,
    388,
    390,
    391,
    392,
    393,
    394,
    395,
    396,
    397,
    398,
    400,
    402,
    404,
    405,
    406,
    407,
    408,
    409,
    410,
    412,
    413,
    414,
    415,
    416,
    417,
    418,
    420,
    422,
    423,
    426,
    430,
    431,
    432,
    433,
    434,
    436,
    437,
    438,
    439,
    440,
    441,
    442,
    443,
    444,
    445,
    446,
    447,
    448,
    450,
    451,
    453,
    455,
    456,
    457,
    458,
    459,
    460,
    461,
    463,
    464,
    465,
    467,
    468,
    471,
    472,
    473,
    474,
    475,
    476,
    478,
    479,
    480,
    481,
    482,
    483,
    485,
    488,
    490,
    492,
    494,
    496,
    498,
    500,
    501,
    502,
    503,
    504,
    505,
    506,
    508,
    509,
    511,
    512,
    513,
    515,
    516,
    517,
    519,
    520,
    521,
    522,
    527,
    528,
    529,
    530,
    531,
    535,
    537,
    541,
    542,
    543,
    544,
    545,
    547,
    549,
    552,
    553,
    555,
    556,
    557,
    560,
    563,
    564,
    569,
    571,
    572,
    573,
    575,
    576,
    578,
    580,
    581,
    582,
    583,
    586,
    587,
    589,
    590,
    592,
    593,
    594,
    595,
    596,
    597,
    598,
    599,
    600,
    601,
    602,
    605,
    606,
    608,
    609,
    611,
    612,
    613,
    615,
    616,
    617,
    618,
    619,
    620,
    622,
    625,
    626,
    627,
    628,
    629,
    634,
    636,
    637,
    639,
    641,
    642,
    643,
    645,
    652,
    653,
    658,
    662,
    663,
    665,
    666,
    668,
    669,
    670,
    671,
    672,
    674,
    675,
    676,
    677,
    678,
    682,
    684,
    685,
    687,
    688,
    692,
    693,
    695,
    698,
    699,
    700,
    702,
    705,
    707,
    708,
    709,
    710,
    711,
    712,
    713,
    714,
    716,
    717,
    719,
    722,
    723,
    725,
    727,
    729,
    731,
    732,
    733,
    734,
    735,
    737,
    740,
    741,
    742,
    743,
    744,
    746,
    747,
    749,
    750,
    753,
    755,
    757,
    758,
    759,
    763,
    764,
    765,
    766,
    767,
    768,
    771,
    772,
    773,
    774,
    775,
    777,
    778,
    779,
    780,
    782,
    785,
    786,
    788,
    789,
    790,
    791,
    794,
    797,
    798,
    800,
    801,
    802,
    803,
    805,
    806,
    808,
    809,
    810,
    811,
    812,
    813,
    816,
    818,
    822,
    823,
    827,
    828,
    831,
    832,
    833,
    834,
    835,
    836,
    838,
    840,
    842,
    844,
    845,
    848,
    849,
    850,
    853,
    855,
    856,
    858,
    859,
    860,
    861,
    862,
    865,
    866,
    868,
    871,
    872,
    874,
    875,
    876,
    877,
    878,
    879,
    880,
    881,
    882,
    883,
    884,
    885,
    888,
    889,
    890,
    891,
    892,
    893,
    895,
    896,
    897,
    898,
    899,
    900,
    902,
    903,
    904,
    905,
    906,
    907,
    908,
    909,
    910,
    911,
    913,
    914,
    915,
    916,
    917,
    918,
    922,
    923,
    928,
    929,
    930,
    931,
    932,
    934,
    936,
    937,
    938,
    940,
    942,
    943,
    947,
    948,
    950,
    951,
    953,
    954,
    955,
    956,
    957,
    958,
    960,
    961,
    962,
    963,
    964,
    966,
    968,
    970,
    972,
    974,
    976,
    977,
    979,
    981,
    982,
    983,
    984,
    985,
    987,
    988,
    989,
    992,
    993,
    994,
    995,
    996,
    997,
    1000,
    1001,
    1002,
    1003,
    1005,
    1006,
    1010,
    1011,
    1012,
    1015,
    1019,
    1020,
    1022,
    1024,
    1027,
    1028,
    1030,
    1031,
    1032,
    1033,
    1036,
    1038,
    1039,
    1040,
    1042,
    1043,
    1044,
    1046,
    1047,
    1048,
    1049,
    1052,
    1054,
    1062,
    1064,
    1065,
    1068,
    1071,
    1072,
    1074,
    1077,
    1079,
    1081,
    1082,
    1084,
    1088,
    1089,
    1090,
    1091,
    1092,
    1094,
    1095,
    1096,
    1099
  ],