{
  "n_total": 1000,
  "n_token_misaligned": 23,
  "token_misaligned_indices": [
    32,
    58,
    97,
    183,
    188,
    197,
    309,
    449,
    500,
    539,
    577,
    641,
    647,
    709,
    754,
    764,
    792,
    802,
    829,
    915,
    929,
    938,
    959
  ],
  "n_after_alignment_filter": 977,
  "clean_accuracy": 0.7656090071647902,
  "corrupted_accuracy": 0.7185261003070624,
  "both_correct_accuracy": 0.5117707267144319,
  "n_both_correct": 500,
  "both_correct_indices": [
    0,
    1,
    2,
    4,
    7,
    8,
    10,
    11,
    12,
    13,
    14,
    17,
    18,
    23,
    24,
    29,
    30,
    35,
    36,
    37,
    38,
    40,
    41,
    45,
    50,
    54,
    59,
    62,
    67,
    69,
    70,
    71,
    72,
    73,
    76,
    78,
    79,
    80,
    82,
    85,
    86,
    88,
    89,
    90,
    93,
    95,
    96,
    98,
    101,
    104,
    106,
    110,
    111,
    112,
    113,
    114,
    115,
    117,
    118,
    120,
    122,
    126,
    129,
    130,
    131,
    133,
    134,
    136,
    138,
    144,
    151,
    152,
    153,
    156,
    157,
    158,
    160,
    166,
    167,
    171,
    172,
    173,
    174,
    175,
    176,
    178,
    179,
    181,
    184,
    185,
    186,
    189,
    191,
    193,
    194,
    199,
    200,
    201,
    203,
    204,
    207,
    210,
    212,
    219,
    221,
    222,
    223,
    227,
    229,
    231,
    233,
    234,
    238,
    239,
    244,
    249,
    252,
    254,
    256,
    257,
    258,
    259,
    261,
    262,
    263,
    265,
    266,
    268,
    271,
    274,
    276,
    277,
    278,
    279,
    281,
    282,
    285,
    286,
    288,
    292,
    295,
    296,
    297,
    298,
    301,
    302,
    305,
    307,
    310,
    311,
    313,
    317,
    318,
    319,
    321,
    323,
    326,
    328,
    330,
    331,
    334,
    335,
    336,
    338,
    339,
    341,
    342,
    343,
    344,
    345,
    347,
    349,
    355,
    356,
    357,
    358,
    359,
    360,
    366,
    369,
    371,
    376,
    378,
    379,
    380,
    381,
    383,
    385,
    387,
    388,
    390,
    393,
    395,
    396,
    397,
    400,
    402,
    403,
    405,
    408,
    409,
    410,
    411,
    412,
    415,
    416,
    419,
    423,
    424,
    426,
    427,
    429,
    430,
    431,
    432,
    433,
    434,
    435,
    437,
    439,
    440,
    442,
    444,
    445,
    448,
    451,
    454,
    456,
    457,
    458,
    459,
    461,
    462,
    465,
    467,
    473,
    474,
    475,
    476,
    478,
    479,
    482,
    483,
    485,
    488,
    489,
    491,
    492,
    496,
    497,
    501,
    502,
    503,
    504,
    506,
    507,
    510,
    511,
    512,
    517,
    519,
    520,
    522,
    523,
    526,
    527,
    528,
    531,
    532,
    534,
    535,
    537,
    543,
    544,
    546,
    548,
    549,
    554,
    555,
    558,
    559,
    562,
    565,
    570,
    575,
    579,
    580,
    582,
    583,
    584,
    587,
    588,
    590,
    591,
    592,
    593,
    594,
    595,
    597,
    598,
    600,
    601,
    603,
    604,
    606,
    607,
    608,
    610,
    612,
    619,
    624,
    627,
    628,
    632,
    633,
    634,
    636,
    639,
    640,
    643,
    646,
    652,
    653,
    654,
    655,
    657,
    661,
    662,
    664,
    669,
    670,
    672,
    673,
    674,
    675,
    676,
    678,
    681,
    686,
    688,
    689,
    690,
    692,
    693,
    695,
    696,
    697,
    702,
    707,
    711,
    712,
    713,
    715,
    717,
    718,
    721,
    722,
    723,
    725,
    728,
    729,
    730,
    733,
    734,
    735,
    739,
    742,
    743,
    744,
    745,
    746,
    748,
    749,
    751,
    753,
    757,
    758,
    759,
    760,
    761,
    763,
    765,
    771,
    774,
    775,
    776,
    777,
    778,
    780,
    783,
    784,
    785,
    787,
    790,
    791,
    795,
    796,
    799,
    800,
    801,
    804,
    805,
    806,
    808,
    810,
    811,
    812,
    815,
    817,
    819,
    820,
    821,
    823,
    827,
    828,
    830,
    832,
    834,
    835,
    836,
    837,
    841,
    842,
    844,
    846,
    847,
    848,
    849,
    854,
    857,
    858,
    859,
    862,
    866,
    869,
    871,
    873,
    874,
    876,
    877,
    878,
    879,
    880,
    882,
    883,
    884,
    886,
    891,
    892,
    894,
    895,
    896,
    899,
    900,
    901,
    902,
    906,
    907,
    908,
    910,
    911,
    912,
    913,
    916,
    917,
    918,
    919,
    922,
    923,
    924,
    927,
    931,
    932,
    933,
    937,
    942,
    943,
    947,
    948,
    951,
    953,
    955,
    958,
    964,
    967,
    969,
    970,
    974,
    978,
    979,
    980,
    981,
    983,
    984,
    986,
    989,
    993,
    994,
    996,
    998
  ],