{
  "n_total": 1000,
  "n_token_misaligned": 207,
  "token_misaligned_indices": [
    10,
    17,
    19,
    34,
    39,
    44,
    51,
    53,
    67,
    70,
    72,
    73,
    77,
    90,
    92,
    102,
    104,
    111,
    116,
    133,
    139,
    146,
    157,
    160,
    163,
    164,
    174,
    178,
    187,
    194,
    196,
    201,
    203,
    206,
    207,
    216,
    218,
    220,
    221,
    223,
    235,
    237,
    242,
    250,
    255,
    258,
    262,
    263,
    273,
    277,
    279,
    280,
    284,
    285,
    287,
    288,
    289,
    290,
    294,
    296,
    305,
    306,
    311,
    315,
    320,
    328,
    330,
    338,
    347,
    350,
    353,
    358,
    367,
    369,
    372,
    374,
    376,
    382,
    386,
    391,
    395,
    407,
    412,
    414,
    416,
    425,
    427,
    432,
    437,
    438,
    457,
    463,
    473,
    474,
    480,
    484,
    490,
    494,
    497,
    506,
    507,
    510,
    515,
    523,
    524,
    526,
    529,
    531,
    540,
    551,
    552,
    558,
    559,
    563,
    565,
    567,
    570,
    571,
    575,
    578,
    581,
    589,
    590,
    598,
    599,
    600,
    602,
    610,
    616,
    620,
    627,
    629,
    630,
    639,
    642,
    644,
    651,
    654,
    656,
    657,
    663,
    665,
    666,
    667,
    674,
    676,
    698,
    702,
    708,
    710,
    711,
    718,
    721,
    723,
    724,
    734,
    740,
    749,
    763,
    766,
    776,
    785,
    790,
    793,
    799,
    803,
    804,
    811,
    814,
    815,
    816,
    824,
    825,
    827,
    828,
    834,
    837,
    844,
    846,
    851,
    854,
    857,
    872,
    880,
    887,
    889,
    897,
    898,
    905,
    907,
    908,
    912,
    913,
    916,
    922,
    923,
    942,
    944,
    949,
    952,
    964,
    971,
    977,
    980,
    983,
    988,
    993
  ],
  "n_after_alignment_filter": 793,
  "clean_accuracy": 0.4842370744010088,
  "corrupted_accuracy": 0.5157629255989912,
  "both_correct_accuracy": 0.0,
  "n_both_correct": 0,
  "both_correct_indices": [],
  "not_both_correct_indices": [
    0,
    1,
    2,
    3,
    4,
    5,
    6,
    7,
    8,
    9,
    11,
    12,
    13,
    14,
    15,
    16,
    18,
    20,
    21,
    22,
    23,
    24,
    25,
    26,
    27,
    28,
    29,
    30,
    31,
    32,
    33,
    35,
    36,
    37,
    38,
    40,
    41,
    42,
    43,
    45,
    46,
    47,
    48,
    49,
    50,
    52,
    54,
    55,
    56,
    57,
    58,
    59,
    60,
    61,
    62,
    63,
    64,
    65,
    66,
    68,
    69,
    71,
    74,
    75,
    76,
    78,
    79,
    80,
    81,
    82,
    83,
    84,
    85,
    86,
    87,
    88,
    89,
    91,
    93,
    94,
    95,
    96,
    97,
    98,
    99,
    100,
    101,
    103,
    105,
    106,
    107,
    108,
    109,
    110,
    112,
    113,
    114,
    115,
    117,
    118,
    119,
    120,
    121,
    122,
    123,
    124,
    125,
    126,
    127,
    128,
    129,
    130,
    131,
    132,
    134,
    135,
    136,
    137,
    138,
    140,
    141,
    142,
    143,
    144,
    145,
    147,
    148,
    149,
    150,
    151,
    152,
    153,
    154,
    155,
    156,
    158,
    159,
    161,
    162,
    165,
    166,
    167,
    168,
    169,
    170,
    171,
    172,
    173,
    175,
    176,
    177,
    179,
    180,
    181,
    182,
    183,
    184,
    185,
    186,
    188,
    189,
    190,
    191,
    192,
    193,
    195,
    197,
    198,
    199,
    200,
    202,
    204,
    205,
    208,
    209,
    210,
    211,
    212,
    213,
    214,
    215,
    217,
    219,
    222,
    224,
    225,
    226,
    227,
    228,
    229,
    230,
    231,
    232,
    233,
    234,
    236,
    238,
    239,
    240,
    241,
    243,
    244,
    245,
    246,
    247,
    248,
    249,
    251,
    252,
    253,
    254,
    256,
    257,
    259,
    260,
    261,
    264,
    265,
    266,
    267,
    268,
    269,
    270,
    271,
    272,
    274,
    275,
    276,
    278,
    281,
    282,
    283,
    286,
    291,
    292,
    293,
    295,
    297,
    298,
    299,
    300,
    301,
    302,
    303,
    304,
    307,
    308,
    309,
    310,
    312,
    313,
    314,
    316,
    317,
    318,
    319,
    321,
    322,
    323,
    324,
    325,
    326,
    327,
    329,
    331,
    332,
    333,
    334,
    335,
    336,
    337,
    339,
    340,
    341,
    342,
    343,
    344,
    345,
    346,
    348,
    349,
    351,
    352,
    354,
    355,
    356,
    357,
    359,
    360,
    361,
    362,
    363,
    364,
    365,
    366,
    368,
    370,
    371,
    373,
    375,
    377,
    378,
    379,
    380,
    381,
    383,
    384,
    385,
    387,
    388,
    389,
    390,
    392,
    393,
    394,
    396,
    397,
    398,
    399,
    400,
    401,
    402,
    403,
    404,
    405,
    406,
    408,
    409,
    410,
    411,
    413,
    415,
    417,
    418,
    419,
    420,
    421,
    422,
    423,
    424,
    426,
    428,
    429,
    430,
    431,
    433,
    434,
    435,
    436,
    439,
    440,
    441,
    442,
    443,
    444,
    445,
    446,
    447,
    448,
    449,
    450,
    451,
    452,
    453,
    454,
    455,
    456,
    458,
    459,
    460,
    461,
    462,
    464,
    465,
    466,
    467,
    468,
    469,
    470,
    471,
    472,
    475,
    476,
    477,
    478,
    479,
    481,
    482,
    483,
    485,
    486,
    487,
    488,
    489,
    491,
    492,
    493,
    495,
    496,
    498,
    499,
    500,
    501,
    502,
    503,
    504,
    505,
    508,
    509,
    511,
    512,
    513,
    514,
    516,
    517,
    518,
    519,
    520,
    521,
    522,
    525,
    527,
    528,
    530,
    532,
    533,
    534,
    535,
    536,
    537,
    538,
    539,
    541,
    542,
    543,
    544,
    545,
    546,
    547,
    548,
    549,
    550,
    553,
    554,
    555,
    556,
    557,
    560,
    561,
    562,
    564,
    566,
    568,
    569,
    572,
    573,
    574,
    576,
    577,
    579,
    580,
    582,
    583,
    584,
    585,
    586,
    587,
    588,
    591,
    592,
    593,
    594,
    595,
    596,
    597,
    601,
    603,
    604,
    605,
    606,
    607,
    608,
    609,
    611,
    612,
    613,
    614,
    615,
    617,
    618,
    619,
    621,
    622,
    623,
    624,
    625,
    626,
    628,
    631,
    632,
    633,
    634,
    635,
    636,
    637,
    638,
    640,
    641,
    643,
    645,
    646,
    647,
    648,
    649,
    650,
    652,
    653,
    655,
    658,
    659,
    660,
    661,
    662,
    664,
    668,
    669,
    670,
    671,
    672,
    673,
    675,
    677,
    678,
    679,
    680,
    681,
    682,
    683,
    684,
    685,
    686,
    687,
    688,
    689,
    690,
    691,
    692,
    693,
    694,
    695,
    696,
    697,
    699,
    700,
    701,
    703,
    704,
    705,
    706,
    707,
    709,
    712,
    713,
    714,
    715,
    716,
    717,
    719,
    720,
    722,
    725,
    726,
    727,
    728,
    729,
    730,
    731,
    732,
    733,
    735,
    736,
    737,
    738,
    739,
    741,
    742,
    743,
    744,
    745,
    746,
    747,
    748,
    750,
    751,
    752,
    753,
    754,
    755,
    756,
    757,
    758,
    759,
    760,
    761,
    762,
    764,
    765,
    767,
    768,
    769,
    770,
    771,
    772,
    773,
    774,
    775,
    777,
    778,
    779,
    780,
    781,
    782,
    783,
    784,
    786,
    787,
    788,
    789,
    791,
    792,
    794,
    795,
    796,
    797,
    798,
    800,
    801,
    802,
    805,
    806,
    807,
    808,
    809,
    810,
    812,
    813,
    817,
    818,
    819,
    820,
    821,
    822,
    823,
    826,
    829,
    830,
    831,
    832,
