{
  "n_total": 1000,
  "n_token_misaligned": 160,
  "token_misaligned_indices": [
    12,
    15,
    21,
    23,
    26,
    28,
    37,
    45,
    51,
    53,
    70,
    79,
    88,
    95,
    100,
    118,
    126,
    128,
    131,
    132,
    140,
    146,
    151,
    152,
    153,
    158,
    164,
    167,
    170,
    174,
    176,
    180,
    181,
    202,
    203,
    209,
    215,
    216,
    224,
    225,
    228,
    231,
    234,
    243,
    263,
    276,
    283,
    306,
    309,
    329,
    331,
    333,
    340,
    347,
    356,
    357,
    358,
    359,
    360,
    366,
    370,
    388,
    397,
    403,
    407,
    417,
    421,
    422,
    429,
    437,
    440,
    441,
    444,
    450,
    456,
    471,
    475,
    478,
    492,
    507,
    513,
    515,
    523,
    528,
    540,
    544,
    551,
    560,
    566,
    589,
    591,
    593,
    604,
    606,
    609,
    610,
    617,
    619,
    620,
    623,
    630,
    635,
    640,
    641,
    661,
    662,
    665,
    675,
    683,
    684,
    700,
    710,
    715,
    730,
    732,
    735,
    744,
    751,
    754,
    784,
    785,
    800,
    802,
    820,
    823,
    826,
    840,
    848,
    851,
    853,
    855,
    861,
    866,
    868,
    869,
    873,
    882,
    885,
    890,
    891,
    893,
    897,
    898,
    912,
    914,
    920,
    921,
    926,
    928,
    937,
    944,
    945,
    966,
    972,
    975,
    988,
    992,
    993,
    995,
    998
  ],
  "n_after_alignment_filter": 840,
  "clean_accuracy": 0.9523809523809523,
  "corrupted_accuracy": 0.955952380952381,
  "both_correct_accuracy": 0.9095238095238095,
  "n_both_correct": 764,
  "both_correct_indices": [
    0,
    1,
    2,
    3,
    5,
    6,
    7,
    8,
    9,
    10,
    13,
    14,
    16,
    17,
    18,
    20,
    22,
    24,
    25,
    27,
    29,
    30,
    31,
    32,
    33,
    34,
    35,
    36,
    38,
    39,
    40,
    41,
    42,
    43,
    44,
    46,
    48,
    49,
    50,
    52,
    54,
    55,
    56,
    57,
    58,
    59,
    60,
    61,
    63,
    64,
    65,
    66,
    67,
    68,
    71,
    72,
    73,
    74,
    76,
    77,
    78,
    80,
    81,
    82,
    83,
    84,
    85,
    86,
    87,
    89,
    91,
    92,
    93,
    94,
    96,
    97,
    98,
    99,
    101,
    102,
    103,
    104,
    105,
    106,
    108,
    111,
    112,
    114,
    115,
    116,
    117,
    119,
    120,
    121,
    122,
    123,
    124,
    125,
    129,
    130,
    133,
    134,
    135,
    137,
    138,
    139,
    141,
    142,
    143,
    144,
    145,
    147,
    149,
    150,
    155,
    156,
    157,
    159,
    160,
    161,
    162,
    163,
    165,
    166,
    168,
    169,
    171,
    172,
    173,
    175,
    177,
    178,
    179,
    183,
    184,
    185,
    186,
    187,
    189,
    190,
    191,
    192,
    193,
    196,
    197,
    198,
    199,
    200,
    201,
    204,
    205,
    206,
    207,
    208,
    210,
    211,
    212,
    213,
    217,
    218,
    220,
    221,
    222,
    223,
    226,
    227,
    229,
    230,
    232,
    233,
    235,
    236,
    237,
    238,
    239,
    240,
    241,
    242,
    244,
    245,
    247,
    249,
    250,
    251,
    252,
    253,
    254,
    255,
    256,
    258,
    259,
    260,
    261,
    262,
    264,
    265,
    266,
    267,
    268,
    269,
    270,
    272,
    274,
    275,
    277,
    278,
    279,
    280,
    281,
    282,
    284,
    285,
    286,
    287,
    288,
    289,
    290,
    291,
    292,
    293,
    294,
    295,
    296,
    297,
    299,
    300,
    302,
    303,
    304,
    305,
    307,
    308,
    310,
    311,
    312,
    313,
    314,
    315,
    316,
    318,
    319,
    320,
    321,
    322,
    323,
    324,
    326,
    327,
    328,
    330,
    332,
    334,
    335,
    336,
    337,
    338,
    339,
    341,
    342,
    343,
    345,
    346,
    348,
    349,
    350,
    351,
    352,
    353,
    354,
    355,
    361,
    362,
    363,
    364,
    365,
    367,
    368,
    369,
    371,
    372,
    373,
    374,
    375,
    376,
    377,
    378,
    380,
    381,
    382,
    383,
    384,
    385,
    386,
    387,
    389,
    390,
    391,
    392,
    393,
    394,
    395,
    396,
    398,
    399,
    400,
    401,
    404,
    405,
    406,
    408,
    409,
    410,
    411,
    413,
    414,
    415,
    416,
    418,
    419,
    420,
    423,
    424,
    425,
    426,
    427,
    428,
    430,
    431,
    432,
    433,
    434,
    435,
    436,
    439,
    442,
    443,
    445,
    446,
    447,
    448,
    449,
    451,
    452,
    453,
    454,
    455,
    457,
    458,
    459,
    460,
    461,
    462,
    463,
    464,
    465,
    466,
    467,
    468,
    469,
    470,
    472,
    474,
    476,
    477,
    479,
    480,
    481,
    482,
    483,
    484,
    486,
    487,
    488,
    489,
    490,
    491,
    493,
    494,
    496,
    497,
    498,
    499,
    500,
    501,
    502,
    503,
    504,
    505,
    506,
    508,
    510,
    511,
    512,
    514,
    516,
    518,
    519,
    521,
    522,
    524,
    525,
    526,
    527,
    529,
    531,
    532,
    533,
    534,
    535,
    536,
    537,
    538,
    539,
    541,
    542,
    543,
    545,
    546,
    547,
    548,
    549,
    550,
    552,
    553,
    554,
    555,
    556,
    557,
    558,
    559,
    562,
    563,
    564,
    565,
    567,
    568,
    569,
    570,
    571,
    573,
    574,
    575,
    576,
    577,
    579,
    580,
    581,
    582,
    583,
    585,
    586,
    587,
    588,
    590,
    592,
    594,
    595,
    597,
    598,
    599,
    600,
    601,
    602,
    603,
    605,
    608,
    611,
    612,
    613,
    614,
    615,
    616,
    618,
    621,
    622,
    624,
    625,
    626,
    627,
    629,
    631,
    632,
    633,
    636,
    637,
    638,
    639,
    642,
    643,
    644,
    645,
    646,
    648,
    649,
    650,
    651,
    652,
    653,
    654,
    655,
    656,
    657,
    658,
    659,
    660,
    663,
    666,
    667,
    668,
    669,
    670,
    671,
    673,
    674,
    676,
    677,
    679,
    680,
    681,
    682,
    686,
    687,
    688,
    689,
    690,
    691,
    692,
    694,
    695,
    696,
    697,
    698,
    699,
    701,
    702,
    703,
    705,
    706,
    707,
    708,
    711,
    712,
    713,
    714,
    716,
    719,
    720,
    722,
    723,
    724,
    725,
    726,
    727,
    728,
    729,
    731,
    733,
    734,
    736,
    737,
    738,
    739,
    740,
    741,
    742,
    745,
    746,
    747,
    748,
    749,
    750,
    752,
    753,
    755,
    757,
    758,
    759,
    760,
    761,
    762,
    763,
    764,
    765,
    766,
    767,
    768,
    769,
    770,
    771,
    772,
    773,
    774,
    775,
    776,
    777,
    778,
    779,
    780,
    781,
    782,
    783,
    786,
    788,
    789,
    790,
    791,
    792,
    793,
    794,
    795,
    796,
    797,
    798,
    799,
    803,
    804,
    805,
    806,
    807,
    808,
    809,
    810,
    812,
    813,
    814,
    815,
    816,
    817,
    818,
    819,
    825,
    828,
    829,
    830,
    831,
    832,
    833,
    834,
    835,
    836,
    837,
    838,
    841,
    842,
    843,
    844,
    845,
    846,
    849,
    850,
    852,
    854,
    857,
    858,
    859,
    860,
    862,
    863,
    864,
    865,
    867,
    870,
    871,
    872,
    874,
    875,
    876,
    877,
    878,
    879,
    880,
    881,
    883,
    884,
    886,
    887,
    888,
    889,
    892,
    894,
    895,
    896,
    899,
    900,
    901,
    903,
    904,
    905,
    906,
    907,
    908,
    909,
    910,
    911,
    913,
    915,
    916,
    917,
    918,
    919,
    922,
    923,
    924,
    925,
    927,
    929,
